account_id,entity_key,is_watchlisted,has_unverified_link
ACC00001,PERSON00001,False,False
ACC00002,PERSON00002,False,False
ACC00003,PERSON00003,True,False
ACC00004,PERSON00003,True,False
ACC00005,PERSON00004,False,False
ACC00006,PERSON00005,True,False
ACC00007,PERSON00004,False,False
ACC00008,PERSON00006,False,False
ACC00009,PERSON00007,False,False
ACC00010,PERSON00008,False,False
ACC00011,PERSON00009,True,False
ACC00012,PERSON00008,False,False
ACC00013,PERSON00010,False,False
ACC00014,PERSON00009,True,False
ACC00015,PERSON00011,False,False
ACC00016,PERSON00012,False,False
ACC00017,PERSON00013,True,False
ACC00018,PERSON00014,False,False
ACC00019,PERSON00015,False,False
ACC00020,PERSON00013,True,False
ACC00021,PERSON00016,False,False
ACC00022,PERSON00014,False,False
ACC00023,PERSON00016,False,False
ACC00024,PERSON00017,True,False
ACC00025,PERSON00018,False,False
ACC00026,PERSON00019,False,False
ACC00027,PERSON00020,False,False
ACC00028,PERSON00021,False,False
ACC00029,PERSON00020,False,False
ACC00030,PERSON00022,False,False
ACC00031,PERSON00022,False,False
ACC00032,PERSON00023,False,False
ACC00033,PERSON00021,False,False
ACC00034,PERSON00018,False,False
ACC00035,PERSON00017,True,False
ACC00036,PERSON00023,False,False
ACC00037,PERSON00019,False,False
ACC00038,PERSON00024,False,False
ACC00039,PERSON00025,False,False
ACC00040,PERSON00026,False,False
ACC00041,PERSON00027,False,True
ACC00042,PERSON00028,True,False
ACC00043,PERSON00029,False,False
ACC00044,PERSON00024,False,False
ACC00045,PERSON00030,False,False
ACC00046,PERSON00031,False,False
ACC00047,PERSON00032,False,False
ACC00048,PERSON00033,False,False
ACC00049,PERSON00031,False,False
ACC00050,PERSON00034,False,False
ACC00051,PERSON00035,False,False
ACC00052,PERSON00036,False,False
ACC00053,PERSON00029,False,False
ACC00054,PERSON00035,False,False
ACC00055,PERSON00034,False,False
ACC00056,PERSON00025,False,False
ACC00057,PERSON00026,False,False
ACC00058,PERSON00037,False,False
ACC00059,PERSON00036,False,False
ACC00060,PERSON00027,False,True
ACC00061,PERSON00028,True,False
ACC00062,PERSON00033,False,False
ACC00063,PERSON00038,False,False
ACC00064,PERSON00038,False,False
ACC00065,PERSON00039,False,False
ACC00066,PERSON00040,False,False
ACC00067,PERSON00041,False,False
ACC00068,PERSON00042,False,False
ACC00069,PERSON00043,False,False
ACC00070,PERSON00044,False,True
ACC00071,PERSON00045,False,False
ACC00072,PERSON00046,False,False
ACC00073,PERSON00040,False,False
ACC00074,PERSON00047,True,True
ACC00075,PERSON00048,False,False
ACC00076,PERSON00049,False,False
ACC00077,PERSON00050,False,False
ACC00078,PERSON00048,False,False
ACC00079,PERSON00042,False,False
ACC00080,PERSON00051,False,False
ACC00081,PERSON00044,False,True
ACC00082,PERSON00051,False,False
ACC00083,PERSON00052,False,True
ACC00084,PERSON00053,False,False
ACC00085,PERSON00052,False,True
ACC00086,PERSON00054,False,False
ACC00087,PERSON00055,False,False
ACC00088,PERSON00056,False,False
ACC00089,PERSON00057,False,False
ACC00090,PERSON00043,False,False
ACC00091,PERSON00055,False,False
ACC00092,PERSON00047,True,True
ACC00093,PERSON00058,False,False
ACC00094,PERSON00059,False,False
ACC00095,PERSON00050,False,False
ACC00096,PERSON00056,False,False
ACC00097,PERSON00053,False,False
ACC00098,PERSON00058,False,False
ACC00099,PERSON00054,False,False
ACC00100,PERSON00041,False,False
ACC00101,PERSON00049,False,False
ACC00102,PERSON00060,False,False
ACC00103,PERSON00059,False,False
ACC00104,PERSON00045,False,False
ACC00105,PERSON00039,False,False
ACC00106,PERSON00057,False,False
ACC00107,PERSON00061,False,False
ACC00108,PERSON00062,True,False
ACC00109,PERSON00063,False,False
ACC00110,PERSON00062,True,False
ACC00111,PERSON00061,False,False
ACC00112,PERSON00064,False,False
ACC00113,PERSON00065,False,False
ACC00114,PERSON00065,False,False
ACC00115,PERSON00066,True,True
ACC00116,PERSON00066,True,True
ACC00117,PERSON00064,False,False
ACC00118,PERSON00067,False,False
ACC00119,PERSON00068,True,False
ACC00120,PERSON00069,False,False
ACC00121,PERSON00069,False,False
ACC00122,PERSON00070,False,False
ACC00123,PERSON00070,False,False
ACC00124,PERSON00068,True,False
ACC00125,PERSON00067,False,False
ACC00126,PERSON00071,False,False
ACC00127,PERSON00072,False,False
ACC00128,PERSON00071,False,False
ACC00129,PERSON00073,False,False
ACC00130,PERSON00074,False,False
ACC00131,PERSON00072,False,False
ACC00132,PERSON00075,True,False
ACC00133,PERSON00074,False,False
ACC00134,PERSON00076,False,False
ACC00135,PERSON00076,False,False
ACC00136,PERSON00075,True,False
ACC00137,PERSON00077,False,False
ACC00138,PERSON00078,False,False
ACC00139,PERSON00079,True,False
ACC00140,PERSON00080,False,False
ACC00141,PERSON00081,False,False
ACC00142,PERSON00079,True,False
ACC00143,PERSON00080,False,False
ACC00144,PERSON00078,False,False
ACC00145,PERSON00082,False,False
ACC00146,PERSON00081,False,False
ACC00147,PERSON00082,False,False
ACC00148,PERSON00083,False,False
ACC00149,PERSON00084,False,False
ACC00150,PERSON00084,False,False
ACC00151,PERSON00085,False,False
ACC00152,PERSON00085,False,False
ACC00153,PERSON00086,False,False
ACC00154,PERSON00087,False,False
ACC00155,PERSON00087,False,False
ACC00156,PERSON00088,False,False
ACC00157,PERSON00089,False,False
ACC00158,PERSON00090,False,False
ACC00159,PERSON00091,False,False
ACC00160,PERSON00092,False,False
ACC00161,PERSON00092,False,False
ACC00162,PERSON00093,False,False
ACC00163,PERSON00094,False,False
ACC00164,PERSON00095,False,False
ACC00165,PERSON00096,False,False
ACC00166,PERSON00097,False,False
ACC00167,PERSON00098,False,False
ACC00168,PERSON00099,False,False
ACC00169,PERSON00100,False,False
ACC00170,PERSON00101,False,False
ACC00171,PERSON00102,False,False
ACC00172,PERSON00103,False,False
ACC00173,PERSON00103,False,False
ACC00174,PERSON00104,False,False
ACC00175,PERSON00105,False,True
ACC00176,PERSON00105,False,True
ACC00177,PERSON00106,False,False
ACC00178,PERSON00107,False,False
ACC00179,PERSON00108,False,False
ACC00180,PERSON00108,False,False
ACC00181,PERSON00109,False,False
ACC00182,PERSON00110,False,False
ACC00183,PERSON00111,False,False
ACC00184,PERSON00112,False,False
ACC00185,PERSON00113,False,False
ACC00186,PERSON00114,False,False
ACC00187,PERSON00115,False,False
ACC00188,PERSON00116,False,False
ACC00189,PERSON00117,False,False
ACC00190,PERSON00118,False,False
ACC00191,PERSON00118,False,False
ACC00192,PERSON00119,False,False
ACC00193,PERSON00119,False,False
ACC00194,PERSON00120,False,False
ACC00195,PERSON00121,False,False
ACC00196,PERSON00122,False,False
ACC00197,PERSON00123,False,False
ACC00198,PERSON00124,False,False
ACC00199,PERSON00124,False,False
ACC00200,PERSON00125,False,False
ACC00201,PERSON00126,False,False
ACC00202,PERSON00126,False,False
ACC00203,PERSON00126,False,False
ACC00204,PERSON00127,False,False
ACC00205,PERSON00128,False,False
ACC00206,PERSON00129,False,False
ACC00207,PERSON00129,False,False
ACC00208,PERSON00130,False,False
ACC00209,PERSON00131,False,False
ACC00210,PERSON00132,False,False
ACC00211,PERSON00133,False,False
ACC00212,PERSON00134,False,False
ACC00213,PERSON00135,False,False
ACC00214,PERSON00136,False,False
ACC00215,PERSON00137,False,False
ACC00216,PERSON00138,False,False
ACC00217,PERSON00139,False,False
ACC00218,PERSON00140,False,False
ACC00219,PERSON00141,False,False
ACC00220,PERSON00142,False,False
ACC00221,PERSON00142,False,False
ACC00222,PERSON00143,False,False
ACC00223,PERSON00143,False,False
ACC00224,PERSON00143,False,False
ACC00225,PERSON00144,False,False
ACC00226,PERSON00145,False,False
ACC00227,PERSON00146,False,False
ACC00228,PERSON00147,False,False
ACC00229,PERSON00147,False,False
ACC00230,PERSON00147,False,False
ACC00231,PERSON00148,False,False
ACC00232,PERSON00148,False,False
ACC00233,PERSON00149,False,False
ACC00234,PERSON00149,False,False
ACC00235,PERSON00150,False,False
ACC00236,PERSON00151,False,False
ACC00237,PERSON00151,False,False
ACC00238,PERSON00151,False,False
ACC00239,PERSON00152,False,False
ACC00240,PERSON00152,False,False
ACC00241,PERSON00153,False,False
ACC00242,PERSON00153,False,False
ACC00243,PERSON00154,False,False
ACC00244,PERSON00154,False,False
ACC00245,PERSON00155,False,False
ACC00246,PERSON00156,False,False
ACC00247,PERSON00156,False,False
ACC00248,PERSON00157,False,False
ACC00249,PERSON00157,False,False
ACC00250,PERSON00158,False,False
ACC00251,PERSON00159,False,False
ACC00252,PERSON00160,False,False
ACC00253,PERSON00161,False,False
ACC00254,PERSON00162,False,False
ACC00255,PERSON00163,False,False
ACC00256,PERSON00164,False,False
ACC00257,PERSON00165,False,False
ACC00258,PERSON00166,False,False
ACC00259,PERSON00167,False,False
ACC00260,PERSON00168,False,False
ACC00261,PERSON00169,False,False
ACC00262,PERSON00169,False,False
ACC00263,PERSON00170,False,False
ACC00264,PERSON00170,False,False
ACC00265,PERSON00170,False,False
ACC00266,PERSON00171,False,False
ACC00267,PERSON00172,False,False
ACC00268,PERSON00172,False,False
ACC00269,PERSON00173,False,True
ACC00270,PERSON00173,False,True
ACC00271,PERSON00174,False,False
ACC00272,PERSON00175,False,False
ACC00273,PERSON00176,False,False
ACC00274,PERSON00177,False,False
ACC00275,PERSON00178,False,False
ACC00276,PERSON00179,False,False
ACC00277,PERSON00180,False,False
ACC00278,PERSON00181,False,False
ACC00279,PERSON00182,False,False
ACC00280,PERSON00183,False,False
ACC00281,PERSON00183,False,False
ACC00282,PERSON00184,False,False
ACC00283,PERSON00184,False,False
ACC00284,PERSON00185,False,False
ACC00285,PERSON00186,False,False
ACC00286,PERSON00187,False,True
ACC00287,PERSON00187,False,True
ACC00288,PERSON00188,False,False
ACC00289,PERSON00188,False,False
ACC00290,PERSON00189,False,False
ACC00291,PERSON00190,False,False
ACC00292,PERSON00191,False,False
ACC00293,PERSON00191,False,False
ACC00294,PERSON00191,False,False
ACC00295,PERSON00192,False,False
ACC00296,PERSON00192,False,False
ACC00297,PERSON00193,False,False
ACC00298,PERSON00194,False,False
ACC00299,PERSON00195,False,False
ACC00300,PERSON00196,False,False
ACC00301,PERSON00197,False,False
ACC00302,PERSON00197,False,False
ACC00303,PERSON00198,False,False
ACC00304,PERSON00198,False,False
ACC00305,PERSON00199,False,False
ACC00306,PERSON00200,False,False
ACC00307,PERSON00200,False,False
ACC00308,PERSON00201,False,False
ACC00309,PERSON00202,False,False
ACC00310,PERSON00203,False,False
ACC00311,PERSON00203,False,False
ACC00312,PERSON00204,False,False
ACC00313,PERSON00205,False,False
ACC00314,PERSON00206,False,False
ACC00315,PERSON00207,False,False
ACC00316,PERSON00208,False,False
ACC00317,PERSON00209,False,False
ACC00318,PERSON00209,False,False
ACC00319,PERSON00210,False,False
ACC00320,PERSON00211,False,False
ACC00321,PERSON00212,False,False
ACC00322,PERSON00213,False,False
ACC00323,PERSON00214,False,False
ACC00324,PERSON00215,False,False
ACC00325,PERSON00215,False,False
ACC00326,PERSON00216,False,False
ACC00327,PERSON00217,False,False
ACC00328,PERSON00218,False,False
ACC00329,PERSON00218,False,False
ACC00330,PERSON00218,False,False
ACC00331,PERSON00219,False,False
ACC00332,PERSON00220,False,False
ACC00333,PERSON00221,False,False
ACC00334,PERSON00221,False,False
ACC00335,PERSON00221,False,False
ACC00336,PERSON00221,False,False
ACC00337,PERSON00221,False,False
ACC00338,PERSON00222,False,False
ACC00339,PERSON00223,False,False
ACC00340,PERSON00224,False,False
ACC00341,PERSON00225,False,False
ACC00342,PERSON00226,False,False
ACC00343,PERSON00226,False,False
ACC00344,PERSON00227,False,False
ACC00345,PERSON00227,False,False
ACC00346,PERSON00228,False,False
ACC00347,PERSON00228,False,False
ACC00348,PERSON00229,False,False
ACC00349,PERSON00230,False,False
ACC00350,PERSON00230,False,False
ACC00351,PERSON00231,False,False
ACC00352,PERSON00232,False,False
ACC00353,PERSON00233,False,False
ACC00354,PERSON00233,False,False
ACC00355,PERSON00234,False,False
ACC00356,PERSON00235,False,False
ACC00357,PERSON00235,False,False
ACC00358,PERSON00236,False,False
ACC00359,PERSON00237,False,False
ACC00360,PERSON00238,False,False
ACC00361,PERSON00238,False,False
ACC00362,PERSON00239,False,False
ACC00363,PERSON00240,False,False
ACC00364,PERSON00241,False,False
ACC00365,PERSON00242,False,False
ACC00366,PERSON00243,False,False
ACC00367,PERSON00244,False,False
ACC00368,PERSON00245,False,False
ACC00369,PERSON00246,False,False
ACC00370,PERSON00247,False,False
ACC00371,PERSON00247,False,False
ACC00372,PERSON00248,False,False
ACC00373,PERSON00248,False,False
ACC00374,PERSON00248,False,False
ACC00375,PERSON00249,False,False
ACC00376,PERSON00249,False,False
ACC00377,PERSON00250,False,False
ACC00378,PERSON00251,False,True
ACC00379,PERSON00251,False,True
ACC00380,PERSON00252,False,False
ACC00381,PERSON00253,False,False
ACC00382,PERSON00254,False,False
ACC00383,PERSON00255,False,False
ACC00384,PERSON00256,False,False
ACC00385,PERSON00257,False,False
ACC00386,PERSON00257,False,False
ACC00387,PERSON00258,False,False
ACC00388,PERSON00259,False,False
ACC00389,PERSON00260,False,False
ACC00390,PERSON00260,False,False
ACC00391,PERSON00261,False,False
ACC00392,PERSON00262,False,False
ACC00393,PERSON00263,False,False
ACC00394,PERSON00264,False,False
ACC00395,PERSON00265,False,False
ACC00396,PERSON00265,False,False
ACC00397,PERSON00266,False,False
ACC00398,PERSON00266,False,False
ACC00399,PERSON00266,False,False
ACC00400,PERSON00267,False,False
ACC00401,PERSON00268,False,False
ACC00402,PERSON00268,False,False
ACC00403,PERSON00269,False,False
ACC00404,PERSON00270,False,False
ACC00405,PERSON00271,False,False
ACC00406,PERSON00272,False,False
ACC00407,PERSON00272,False,False
ACC00408,PERSON00273,False,False
ACC00409,PERSON00274,False,False
ACC00410,PERSON00275,False,False
ACC00411,PERSON00276,False,False
ACC00412,PERSON00277,False,False
ACC00413,PERSON00277,False,False
ACC00414,PERSON00278,False,False
ACC00415,PERSON00279,False,False
ACC00416,PERSON00280,False,False
ACC00417,PERSON00280,False,False
ACC00418,PERSON00281,False,False
ACC00419,PERSON00282,False,False
ACC00420,PERSON00283,False,False
ACC00421,PERSON00284,False,False
ACC00422,PERSON00285,False,False
ACC00423,PERSON00286,False,False
ACC00424,PERSON00286,False,False
ACC00425,PERSON00287,False,False
ACC00426,PERSON00288,False,False
ACC00427,PERSON00289,False,False
ACC00428,PERSON00290,False,False
ACC00429,PERSON00291,False,False
ACC00430,PERSON00292,False,False
ACC00431,PERSON00293,False,False
ACC00432,PERSON00294,False,False
ACC00433,PERSON00295,False,False
ACC00434,PERSON00296,False,False
ACC00435,PERSON00297,False,False
ACC00436,PERSON00297,False,False
ACC00437,PERSON00298,False,False
ACC00438,PERSON00298,False,False
ACC00439,PERSON00298,False,False
ACC00440,PERSON00299,False,False
ACC00441,PERSON00299,False,False
ACC00442,PERSON00300,False,False
ACC00443,PERSON00300,False,False
ACC00444,PERSON00301,False,False
ACC00445,PERSON00302,False,False
ACC00446,PERSON00302,False,False
ACC00447,PERSON00303,False,False
ACC00448,PERSON00303,False,False
ACC00449,PERSON00304,False,False
ACC00450,PERSON00304,False,False
ACC00451,PERSON00305,False,False
ACC00452,PERSON00306,False,False
ACC00453,PERSON00307,False,False
ACC00454,PERSON00308,False,False
ACC00455,PERSON00308,False,False
ACC00456,PERSON00309,False,False
ACC00457,PERSON00310,False,False
ACC00458,PERSON00311,False,False
ACC00459,PERSON00312,False,False
ACC00460,PERSON00313,False,False
ACC00461,PERSON00314,False,False
ACC00462,PERSON00315,False,False
ACC00463,PERSON00316,False,False
ACC00464,PERSON00317,False,False
ACC00465,PERSON00318,False,False
ACC00466,PERSON00319,False,False
ACC00467,PERSON00320,False,False
ACC00468,PERSON00321,False,False
ACC00469,PERSON00321,False,False
ACC00470,PERSON00322,False,False
ACC00471,PERSON00322,False,False
ACC00472,PERSON00322,False,False
ACC00473,PERSON00323,False,False
ACC00474,PERSON00324,False,False
ACC00475,PERSON00324,False,False
ACC00476,PERSON00325,False,False
ACC00477,PERSON00326,False,False
ACC00478,PERSON00327,False,False
ACC00479,PERSON00327,False,False
ACC00480,PERSON00328,False,False
ACC00481,PERSON00329,False,False
ACC00482,PERSON00330,False,False
ACC00483,PERSON00330,False,False
ACC00484,PERSON00331,False,False
ACC00485,PERSON00332,False,False
ACC00486,PERSON00333,False,False
ACC00487,PERSON00334,False,False
ACC00488,PERSON00335,False,False
ACC00489,PERSON00336,False,False
ACC00490,PERSON00337,False,False
ACC00491,PERSON00338,False,False
ACC00492,PERSON00339,False,False
ACC00493,PERSON00340,False,False
ACC00494,PERSON00341,False,False
ACC00495,PERSON00341,False,False
ACC00496,PERSON00342,False,False
ACC00497,PERSON00342,False,False
ACC00498,PERSON00342,False,False
ACC00499,PERSON00343,False,False
ACC00500,PERSON00343,False,False
ACC00501,PERSON00343,False,False
ACC00502,PERSON00344,False,False
ACC00503,PERSON00344,False,False
ACC00504,PERSON00345,False,False
ACC00505,PERSON00346,False,False
ACC00506,PERSON00346,False,False
ACC00507,PERSON00347,False,False
ACC00508,PERSON00348,False,False
ACC00509,PERSON00349,False,False
ACC00510,PERSON00349,False,False
ACC00511,PERSON00350,False,False
ACC00512,PERSON00351,False,False
ACC00513,PERSON00352,False,False
ACC00514,PERSON00353,False,False
ACC00515,PERSON00354,False,False
ACC00516,PERSON00355,False,False
ACC00517,PERSON00356,False,False
ACC00518,PERSON00357,False,False
ACC00519,PERSON00358,False,False
ACC00520,PERSON00359,False,False
ACC00521,PERSON00360,False,False
ACC00522,PERSON00360,False,False
ACC00523,PERSON00361,False,False
ACC00524,PERSON00361,False,False
ACC00525,PERSON00362,False,False
ACC00526,PERSON00362,False,False
ACC00527,PERSON00363,False,False
ACC00528,PERSON00364,False,False
ACC00529,PERSON00364,False,False
ACC00530,PERSON00364,False,False
ACC00531,PERSON00365,False,False
ACC00532,PERSON00366,False,False
ACC00533,PERSON00367,False,False
ACC00534,PERSON00368,False,False
ACC00535,PERSON00369,False,False
ACC00536,PERSON00370,False,False
ACC00537,PERSON00371,False,False
ACC00538,PERSON00372,False,False
ACC00539,PERSON00373,False,False
ACC00540,PERSON00374,False,False
ACC00541,PERSON00375,False,False
ACC00542,PERSON00376,False,False
ACC00543,PERSON00376,False,False
ACC00544,PERSON00377,False,False
ACC00545,PERSON00378,False,False
ACC00546,PERSON00379,False,False
ACC00547,PERSON00380,False,False
ACC00548,PERSON00380,False,False
ACC00549,PERSON00381,False,False
ACC00550,PERSON00382,False,False
ACC00551,PERSON00383,False,False
ACC00552,PERSON00384,False,False
ACC00553,PERSON00384,False,False
ACC00554,PERSON00384,False,False
ACC00555,PERSON00385,False,False
ACC00556,PERSON00386,False,False
ACC00557,PERSON00387,False,False
ACC00558,PERSON00388,False,False
ACC00559,PERSON00389,False,False
ACC00560,PERSON00390,False,False
ACC00561,PERSON00391,False,False
ACC00562,PERSON00392,False,False
ACC00563,PERSON00392,False,False
ACC00564,PERSON00393,False,False
ACC00565,PERSON00394,False,False
ACC00566,PERSON00395,False,False
ACC00567,PERSON00395,False,False
ACC00568,PERSON00396,False,False
ACC00569,PERSON00396,False,False
ACC00570,PERSON00397,False,False
ACC00571,PERSON00398,False,False
ACC00572,PERSON00398,False,False
ACC00573,PERSON00398,False,False
ACC00574,PERSON00399,False,False
ACC00575,PERSON00399,False,False
ACC00576,PERSON00400,False,False
ACC00577,PERSON00400,False,False
ACC00578,PERSON00401,False,False
ACC00579,PERSON00402,False,False
ACC00580,PERSON00403,False,False
ACC00581,PERSON00404,False,False
ACC00582,PERSON00405,False,False
ACC00583,PERSON00406,False,False
ACC00584,PERSON00406,False,False
ACC00585,PERSON00407,False,False
ACC00586,PERSON00407,False,False
ACC00587,PERSON00408,False,False
ACC00588,PERSON00408,False,False
ACC00589,PERSON00409,False,False
ACC00590,PERSON00410,False,False
ACC00591,PERSON00411,False,False
ACC00592,PERSON00412,False,False
ACC00593,PERSON00413,False,False
ACC00594,PERSON00414,False,False
ACC00595,PERSON00415,False,False
ACC00596,PERSON00416,False,False
ACC00597,PERSON00417,False,False
ACC00598,PERSON00418,False,False
ACC00599,PERSON00418,False,False
ACC00600,PERSON00418,False,False
ACC00601,PERSON00419,False,False
ACC00602,PERSON00420,False,False
ACC00603,PERSON00420,False,False
ACC00604,PERSON00421,False,False
ACC00605,PERSON00422,False,False
ACC00606,PERSON00423,False,False
ACC00607,PERSON00424,False,False
ACC00608,PERSON00425,False,False
ACC00609,PERSON00426,False,False
ACC00610,PERSON00427,False,False
ACC00611,PERSON00428,False,False
ACC00612,PERSON00428,False,False
ACC00613,PERSON00429,False,False
ACC00614,PERSON00430,False,False
ACC00615,PERSON00431,False,False
ACC00616,PERSON00432,False,False
ACC00617,PERSON00432,False,False
ACC00618,PERSON00433,False,False
ACC00619,PERSON00434,False,False
ACC00620,PERSON00435,False,False
ACC00621,PERSON00435,False,False
ACC00622,PERSON00435,False,False
ACC00623,PERSON00436,False,False
ACC00624,PERSON00436,False,False
ACC00625,PERSON00437,False,False
ACC00626,PERSON00437,False,False
ACC00627,PERSON00438,False,False
ACC00628,PERSON00439,False,False
ACC00629,PERSON00440,False,False
ACC00630,PERSON00441,False,False
ACC00631,PERSON00441,False,False
ACC00632,PERSON00442,False,False
ACC00633,PERSON00443,False,False
ACC00634,PERSON00444,False,False
ACC00635,PERSON00445,False,False
ACC00636,PERSON00446,False,False
ACC00637,PERSON00447,False,False
ACC00638,PERSON00448,False,False
ACC00639,PERSON00448,False,False
ACC00640,PERSON00448,False,False
ACC00641,PERSON00449,False,False
ACC00642,PERSON00450,False,False
ACC00643,PERSON00451,False,False
ACC00644,PERSON00452,False,False
ACC00645,PERSON00453,False,False
ACC00646,PERSON00454,False,False
ACC00647,PERSON00455,False,False
ACC00648,PERSON00456,False,False
ACC00649,PERSON00457,False,False
ACC00650,PERSON00458,False,False
ACC00651,PERSON00459,False,False
ACC00652,PERSON00460,False,False
ACC00653,PERSON00460,False,False
ACC00654,PERSON00461,False,False
ACC00655,PERSON00462,False,False
ACC00656,PERSON00463,False,False
ACC00657,PERSON00464,False,False
ACC00658,PERSON00465,False,False
ACC00659,PERSON00466,False,False
ACC00660,PERSON00466,False,False
ACC00661,PERSON00466,False,False
ACC00662,PERSON00467,False,False
ACC00663,PERSON00468,False,False
ACC00664,PERSON00469,False,False
ACC00665,PERSON00470,False,False
ACC00666,PERSON00471,False,False
ACC00667,PERSON00471,False,False
ACC00668,PERSON00472,False,False
ACC00669,PERSON00473,False,False
ACC00670,PERSON00473,False,False
ACC00671,PERSON00474,False,False
ACC00672,PERSON00475,False,False
ACC00673,PERSON00476,False,False
ACC00674,PERSON00476,False,False
ACC00675,PERSON00477,False,False
ACC00676,PERSON00478,False,False
ACC00677,PERSON00478,False,False
ACC00678,PERSON00479,False,False
ACC00679,PERSON00480,False,False
ACC00680,PERSON00480,False,False
ACC00681,PERSON00481,False,False
ACC00682,PERSON00482,False,False
ACC00683,PERSON00483,False,False
ACC00684,PERSON00483,False,False
ACC00685,PERSON00484,False,False
ACC00686,PERSON00485,False,False
ACC00687,PERSON00485,False,False
ACC00688,PERSON00486,False,False
ACC00689,PERSON00487,False,False
ACC00690,PERSON00488,False,False
ACC00691,PERSON00489,False,False
ACC00692,PERSON00490,False,False
ACC00693,PERSON00491,False,False
ACC00694,PERSON00492,False,False
ACC00695,PERSON00493,False,False
ACC00696,PERSON00494,False,False
ACC00697,PERSON00494,False,False
ACC00698,PERSON00495,False,False
ACC00699,PERSON00496,False,False
ACC00700,PERSON00496,False,False
ACC00701,PERSON00497,False,False
ACC00702,PERSON00498,False,False
ACC00703,PERSON00499,False,False
ACC00704,PERSON00499,False,False
ACC00705,PERSON00499,False,False
ACC00706,PERSON00500,False,False
ACC00707,PERSON00501,False,False
ACC00708,PERSON00502,False,False
ACC00709,PERSON00503,False,False
ACC00710,PERSON00504,False,False
ACC00711,PERSON00505,False,False
ACC00712,PERSON00506,False,False
ACC00713,PERSON00507,False,False
ACC00714,PERSON00508,False,False
ACC00715,PERSON00509,False,False
ACC00716,PERSON00509,False,False
ACC00717,PERSON00509,False,False
ACC00718,PERSON00510,False,False
ACC00719,PERSON00510,False,False
ACC00720,PERSON00510,False,False
ACC00721,PERSON00511,False,False
ACC00722,PERSON00511,False,False
ACC00723,PERSON00512,False,False
ACC00724,PERSON00512,False,False
ACC00725,PERSON00513,False,False
ACC00726,PERSON00514,False,False
ACC00727,PERSON00514,False,False
ACC00728,PERSON00515,False,False
ACC00729,PERSON00516,False,False
ACC00730,PERSON00516,False,False
ACC00731,PERSON00517,False,False
ACC00732,PERSON00518,False,False
ACC00733,PERSON00519,False,False
ACC00734,PERSON00519,False,False
ACC00735,PERSON00520,False,False
ACC00736,PERSON00520,False,False
ACC00737,PERSON00521,False,False
ACC00738,PERSON00521,False,False
ACC00739,PERSON00522,False,False
ACC00740,PERSON00523,False,False
ACC00741,PERSON00524,False,False
ACC00742,PERSON00525,False,False
ACC00743,PERSON00525,False,False
ACC00744,PERSON00525,False,False
ACC00745,PERSON00526,False,False
ACC00746,PERSON00526,False,False
ACC00747,PERSON00526,False,False
ACC00748,PERSON00527,False,False
ACC00749,PERSON00528,False,False
ACC00750,PERSON00529,False,False
ACC00751,PERSON00530,False,False
ACC00752,PERSON00531,False,False
ACC00753,PERSON00532,False,False
ACC00754,PERSON00533,False,False
ACC00755,PERSON00534,False,False
ACC00756,PERSON00535,False,False
ACC00757,PERSON00536,False,False
ACC00758,PERSON00536,False,False
ACC00759,PERSON00537,False,False
ACC00760,PERSON00538,False,False
ACC00761,PERSON00539,False,False
ACC00762,PERSON00540,False,False
ACC00763,PERSON00541,False,False
ACC00764,PERSON00542,False,False
ACC00765,PERSON00542,False,False
ACC00766,PERSON00543,False,False
ACC00767,PERSON00544,False,False
ACC00768,PERSON00545,False,False
ACC00769,PERSON00546,False,False
ACC00770,PERSON00547,False,False
ACC00771,PERSON00547,False,False
ACC00772,PERSON00548,False,False
ACC00773,PERSON00549,False,False
ACC00774,PERSON00549,False,False
ACC00775,PERSON00550,False,False
ACC00776,PERSON00551,False,False
ACC00777,PERSON00551,False,False
ACC00778,PERSON00552,False,False
ACC00779,PERSON00553,False,False
ACC00780,PERSON00553,False,False
ACC00781,PERSON00553,False,False
ACC00782,PERSON00554,False,False
ACC00783,PERSON00555,False,False
ACC00784,PERSON00556,False,False
ACC00785,PERSON00557,False,False
ACC00786,PERSON00557,False,False
ACC00787,PERSON00558,False,False
ACC00788,PERSON00559,False,False
ACC00789,PERSON00560,False,False
ACC00790,PERSON00561,False,False
ACC00791,PERSON00562,False,False
ACC00792,PERSON00563,False,False
ACC00793,PERSON00564,False,False
ACC00794,PERSON00564,False,False
ACC00795,PERSON00565,False,False
ACC00796,PERSON00566,False,False
ACC00797,PERSON00566,False,False
ACC00798,PERSON00567,False,False
ACC00799,PERSON00568,False,False
ACC00800,PERSON00568,False,False
ACC00801,PERSON00568,False,False
ACC00802,PERSON00569,False,False
ACC00803,PERSON00570,False,False
ACC00804,PERSON00571,False,False
ACC00805,PERSON00571,False,False
ACC00806,PERSON00572,False,False
ACC00807,PERSON00572,False,False
ACC00808,PERSON00573,False,False
ACC00809,PERSON00574,False,False
ACC00810,PERSON00575,False,False
ACC00811,PERSON00576,False,False
ACC00812,PERSON00576,False,False
ACC00813,PERSON00577,False,False
ACC00814,PERSON00578,False,False
ACC00815,PERSON00579,False,False
ACC00816,PERSON00580,False,False
ACC00817,PERSON00581,False,False
ACC00818,PERSON00581,False,False
ACC00819,PERSON00582,False,False
ACC00820,PERSON00582,False,False
ACC00821,PERSON00583,False,False
ACC00822,PERSON00583,False,False
ACC00823,PERSON00584,False,False
ACC00824,PERSON00585,False,False
ACC00825,PERSON00586,False,False
ACC00826,PERSON00587,False,False
ACC00827,PERSON00587,False,False
ACC00828,PERSON00587,False,False
ACC00829,PERSON00588,False,False
ACC00830,PERSON00589,False,False
ACC00831,PERSON00589,False,False
ACC00832,PERSON00590,False,False
ACC00833,PERSON00591,False,False
ACC00834,PERSON00591,False,False
ACC00835,PERSON00591,False,False
ACC00836,PERSON00592,False,False
ACC00837,PERSON00593,False,False
ACC00838,PERSON00594,False,False
ACC00839,PERSON00595,False,False
ACC00840,PERSON00596,False,False
ACC00841,PERSON00596,False,False
ACC00842,PERSON00597,False,False
ACC00843,PERSON00597,False,False
ACC00844,PERSON00598,False,False
ACC00845,PERSON00598,False,False
ACC00846,PERSON00599,False,False
ACC00847,PERSON00600,False,False
ACC00848,PERSON00601,False,False
ACC00849,PERSON00602,False,False
ACC00850,PERSON00603,False,False
ACC00851,PERSON00604,False,False
ACC00852,PERSON00605,False,False
ACC00853,PERSON00606,False,False
ACC00854,PERSON00607,False,False
ACC00855,PERSON00608,False,False
ACC00856,PERSON00609,False,False
ACC00857,PERSON00609,False,False
ACC00858,PERSON00610,False,False
ACC00859,PERSON00611,False,False
ACC00860,PERSON00612,False,False
ACC00861,PERSON00612,False,False
ACC00862,PERSON00612,False,False
ACC00863,PERSON00612,False,False
ACC00864,PERSON00613,False,False
ACC00865,PERSON00614,False,True
ACC00866,PERSON00614,False,True
ACC00867,PERSON00615,False,False
ACC00868,PERSON00616,False,False
ACC00869,PERSON00617,False,False
ACC00870,PERSON00617,False,False
ACC00871,PERSON00618,False,False
ACC00872,PERSON00619,False,False
ACC00873,PERSON00620,False,False
ACC00874,PERSON00620,False,False
ACC00875,PERSON00621,False,False
ACC00876,PERSON00622,False,False
ACC00877,PERSON00622,False,False
ACC00878,PERSON00623,False,False
ACC00879,PERSON00624,False,False
ACC00880,PERSON00625,False,False
ACC00881,PERSON00626,False,False
ACC00882,PERSON00626,False,False
ACC00883,PERSON00627,False,False
ACC00884,PERSON00628,False,False
ACC00885,PERSON00628,False,False
ACC00886,PERSON00629,False,False
ACC00887,PERSON00630,False,False
ACC00888,PERSON00631,False,False
ACC00889,PERSON00632,False,False
ACC00890,PERSON00633,False,False
ACC00891,PERSON00634,False,False
ACC00892,PERSON00634,False,False
ACC00893,PERSON00634,False,False
ACC00894,PERSON00635,False,False
ACC00895,PERSON00636,False,False
ACC00896,PERSON00637,False,False
ACC00897,PERSON00638,False,False
ACC00898,PERSON00639,False,False
ACC00899,PERSON00639,False,False
ACC00900,PERSON00640,False,False
ACC00901,PERSON00641,False,False
ACC00902,PERSON00641,False,False
ACC00903,PERSON00641,False,False
ACC00904,PERSON00642,False,False
ACC00905,PERSON00643,False,False
ACC00906,PERSON00644,False,False
ACC00907,PERSON00645,False,False
ACC00908,PERSON00645,False,False
ACC00909,PERSON00645,False,False
ACC00910,PERSON00646,False,False
ACC00911,PERSON00647,False,False
ACC00912,PERSON00648,False,False
ACC00913,PERSON00649,False,False
ACC00914,PERSON00649,False,False
ACC00915,PERSON00650,False,False
ACC00916,PERSON00651,False,False
ACC00917,PERSON00652,False,False
ACC00918,PERSON00653,False,False
ACC00919,PERSON00653,False,False
ACC00920,PERSON00654,False,False
ACC00921,PERSON00655,False,False
ACC00922,PERSON00655,False,False
ACC00923,PERSON00655,False,False
ACC00924,PERSON00656,False,False
ACC00925,PERSON00657,False,False
ACC00926,PERSON00658,False,False
ACC00927,PERSON00659,False,False
ACC00928,PERSON00660,False,False
ACC00929,PERSON00661,False,False
ACC00930,PERSON00662,False,False
ACC00931,PERSON00663,False,False
ACC00932,PERSON00664,False,False
ACC00933,PERSON00665,False,False
ACC00934,PERSON00666,False,False
ACC00935,PERSON00666,False,False
ACC00936,PERSON00667,False,False
ACC00937,PERSON00667,False,False
ACC00938,PERSON00668,False,False
ACC00939,PERSON00669,False,False
ACC00940,PERSON00670,False,False
ACC00941,PERSON00670,False,False
ACC00942,PERSON00671,False,False
ACC00943,PERSON00671,False,False
ACC00944,PERSON00672,False,False
ACC00945,PERSON00673,False,False
ACC00946,PERSON00674,False,False
ACC00947,PERSON00674,False,False
ACC00948,PERSON00675,False,False
ACC00949,PERSON00675,False,False
ACC00950,PERSON00676,False,False
ACC00951,PERSON00676,False,False
ACC00952,PERSON00677,False,False
ACC00953,PERSON00678,False,False
ACC00954,PERSON00679,False,False
ACC00955,PERSON00680,False,False
ACC00956,PERSON00680,False,False
ACC00957,PERSON00681,False,False
ACC00958,PERSON00682,False,False
ACC00959,PERSON00683,False,False
ACC00960,PERSON00684,False,False
ACC00961,PERSON00685,False,False
ACC00962,PERSON00686,False,False
ACC00963,PERSON00687,False,False
ACC00964,PERSON00687,False,False
ACC00965,PERSON00687,False,False
ACC00966,PERSON00688,False,False
ACC00967,PERSON00689,False,False
ACC00968,PERSON00690,False,False
ACC00969,PERSON00691,False,False
ACC00970,PERSON00692,False,False
ACC00971,PERSON00693,False,False
ACC00972,PERSON00693,False,False
ACC00973,PERSON00694,False,False
ACC00974,PERSON00694,False,False
ACC00975,PERSON00695,False,False
ACC00976,PERSON00696,False,False
ACC00977,PERSON00697,False,False
ACC00978,PERSON00698,False,False
ACC00979,PERSON00699,False,False
ACC00980,PERSON00699,False,False
ACC00981,PERSON00700,False,False
ACC00982,PERSON00701,False,False
ACC00983,PERSON00702,False,False
ACC00984,PERSON00702,False,False
ACC00985,PERSON00703,False,False
ACC00986,PERSON00703,False,False
ACC00987,PERSON00703,False,False
ACC00988,PERSON00704,False,False
ACC00989,PERSON00704,False,False
ACC00990,PERSON00705,False,False
ACC00991,PERSON00706,False,False
ACC00992,PERSON00706,False,False
ACC00993,PERSON00707,False,False
ACC00994,PERSON00708,False,False
ACC00995,PERSON00709,False,False
ACC00996,PERSON00709,False,False
ACC00997,PERSON00710,False,False
ACC00998,PERSON00710,False,False
ACC00999,PERSON00711,False,False
ACC01000,PERSON00712,False,False
ACC01001,PERSON00713,False,False
ACC01002,PERSON00713,False,False
ACC01003,PERSON00714,False,False
ACC01004,PERSON00715,False,False
ACC01005,PERSON00715,False,False
ACC01006,PERSON00716,False,False
ACC01007,PERSON00717,False,False
ACC01008,PERSON00718,False,False
ACC01009,PERSON00719,False,False
ACC01010,PERSON00720,False,False
ACC01011,PERSON00721,False,False
ACC01012,PERSON00722,False,False
ACC01013,PERSON00723,False,False
ACC01014,PERSON00724,False,False
ACC01015,PERSON00725,False,False
ACC01016,PERSON00726,False,False
ACC01017,PERSON00727,False,False
ACC01018,PERSON00728,False,False
ACC01019,PERSON00728,False,False
ACC01020,PERSON00729,False,False
ACC01021,PERSON00730,False,False
ACC01022,PERSON00731,False,False
ACC01023,PERSON00732,False,False
ACC01024,PERSON00733,False,False
ACC01025,PERSON00734,False,False
ACC01026,PERSON00735,False,False
ACC01027,PERSON00736,False,False
ACC01028,PERSON00736,False,False
ACC01029,PERSON00736,False,False
ACC01030,PERSON00737,False,False
ACC01031,PERSON00738,False,False
ACC01032,PERSON00739,False,False
ACC01033,PERSON00740,False,False
ACC01034,PERSON00741,False,False
ACC01035,PERSON00742,False,False
ACC01036,PERSON00743,False,False
ACC01037,PERSON00744,False,False
ACC01038,PERSON00745,False,False
ACC01039,PERSON00746,False,False
ACC01040,PERSON00747,False,False
ACC01041,PERSON00748,False,False
ACC01042,PERSON00749,False,False
ACC01043,PERSON00750,False,False
ACC01044,PERSON00751,False,False
ACC01045,PERSON00752,False,False
ACC01046,PERSON00752,False,False
ACC01047,PERSON00752,False,False
ACC01048,PERSON00753,False,False
ACC01049,PERSON00754,False,False
ACC01050,PERSON00755,False,False
ACC01051,PERSON00755,False,False
ACC01052,PERSON00756,False,False
ACC01053,PERSON00756,False,False
ACC01054,PERSON00757,False,False
ACC01055,PERSON00758,False,False
ACC01056,PERSON00759,False,False
ACC01057,PERSON00759,False,False
ACC01058,PERSON00759,False,False
ACC01059,PERSON00760,False,False
ACC01060,PERSON00761,False,False
ACC01061,PERSON00762,False,False
ACC01062,PERSON00763,False,False
ACC01063,PERSON00764,False,True
ACC01064,PERSON00764,False,True
ACC01065,PERSON00765,False,False
ACC01066,PERSON00765,False,False
ACC01067,PERSON00766,False,False
ACC01068,PERSON00767,False,False
ACC01069,PERSON00768,False,False
ACC01070,PERSON00769,False,False
ACC01071,PERSON00769,False,False
ACC01072,PERSON00770,False,False
ACC01073,PERSON00771,False,False
ACC01074,PERSON00772,False,False
ACC01075,PERSON00773,False,False
ACC01076,PERSON00774,False,False
ACC01077,PERSON00775,False,False
ACC01078,PERSON00775,False,False
ACC01079,PERSON00775,False,False
ACC01080,PERSON00775,False,False
ACC01081,PERSON00776,False,False
ACC01082,PERSON00777,False,False
ACC01083,PERSON00778,False,False
ACC01084,PERSON00778,False,False
ACC01085,PERSON00778,False,False
ACC01086,PERSON00778,False,False
ACC01087,PERSON00779,False,False
ACC01088,PERSON00780,False,False
ACC01089,PERSON00781,False,False
ACC01090,PERSON00782,False,False
ACC01091,PERSON00782,False,False
ACC01092,PERSON00782,False,False
ACC01093,PERSON00782,False,False
ACC01094,PERSON00783,False,False
ACC01095,PERSON00784,False,False
ACC01096,PERSON00785,False,False
ACC01097,PERSON00785,False,False
ACC01098,PERSON00786,False,False
ACC01099,PERSON00787,False,False
ACC01100,PERSON00788,False,False
ACC01101,PERSON00789,False,False
ACC01102,PERSON00790,False,False
ACC01103,PERSON00791,False,False
ACC01104,PERSON00792,False,False
ACC01105,PERSON00792,False,False
ACC01106,PERSON00793,False,False
ACC01107,PERSON00794,False,False
ACC01108,PERSON00795,False,False
ACC01109,PERSON00796,False,False
ACC01110,PERSON00796,False,False
ACC01111,PERSON00796,False,False
ACC01112,PERSON00797,False,False
ACC01113,PERSON00798,False,False
ACC01114,PERSON00799,False,False
ACC01115,PERSON00799,False,False
ACC01116,PERSON00800,False,False
ACC01117,PERSON00801,False,False
ACC01118,PERSON00802,False,False
ACC01119,PERSON00802,False,False
ACC01120,PERSON00803,False,False
ACC01121,PERSON00803,False,False
ACC01122,PERSON00804,False,False
ACC01123,PERSON00805,False,False
ACC01124,PERSON00806,False,False
ACC01125,PERSON00807,False,False
ACC01126,PERSON00808,False,False
ACC01127,PERSON00809,False,False
ACC01128,PERSON00810,False,False
ACC01129,PERSON00811,False,False
ACC01130,PERSON00812,False,False
ACC01131,PERSON00813,False,False
ACC01132,PERSON00814,False,False
ACC01133,PERSON00814,False,False
ACC01134,PERSON00815,False,False
ACC01135,PERSON00816,False,False
ACC01136,PERSON00817,False,False
ACC01137,PERSON00817,False,False
ACC01138,PERSON00817,False,False
ACC01139,PERSON00818,False,False
ACC01140,PERSON00819,False,False
ACC01141,PERSON00820,False,False
ACC01142,PERSON00821,False,False
ACC01143,PERSON00822,False,False
ACC01144,PERSON00823,False,False
ACC01145,PERSON00824,False,False
ACC01146,PERSON00824,False,False
ACC01147,PERSON00824,False,False
ACC01148,PERSON00825,False,False
ACC01149,PERSON00825,False,False
ACC01150,PERSON00825,False,False
ACC01151,PERSON00826,False,False
ACC01152,PERSON00826,False,False
ACC01153,PERSON00827,False,False
ACC01154,PERSON00828,False,False
ACC01155,PERSON00829,False,False
ACC01156,PERSON00830,False,False
ACC01157,PERSON00831,False,False
ACC01158,PERSON00832,False,False
ACC01159,PERSON00833,False,False
ACC01160,PERSON00834,False,False
ACC01161,PERSON00835,False,False
ACC01162,PERSON00836,False,False
ACC01163,PERSON00837,False,False
ACC01164,PERSON00838,False,False
ACC01165,PERSON00839,False,False
ACC01166,PERSON00839,False,False
ACC01167,PERSON00840,False,False
ACC01168,PERSON00841,False,False
ACC01169,PERSON00842,False,False
ACC01170,PERSON00843,False,False
ACC01171,PERSON00844,False,False
ACC01172,PERSON00845,False,False
ACC01173,PERSON00845,False,False
ACC01174,PERSON00846,False,False
ACC01175,PERSON00846,False,False
ACC01176,PERSON00847,False,False
ACC01177,PERSON00848,False,False
ACC01178,PERSON00849,False,False
ACC01179,PERSON00850,False,False
ACC01180,PERSON00850,False,False
ACC01181,PERSON00851,False,False
ACC01182,PERSON00852,False,False
ACC01183,PERSON00853,False,False
ACC01184,PERSON00854,False,False
ACC01185,PERSON00855,False,False
ACC01186,PERSON00855,False,False
ACC01187,PERSON00855,False,False
ACC01188,PERSON00856,False,False
ACC01189,PERSON00857,False,False
ACC01190,PERSON00857,False,False
ACC01191,PERSON00858,False,False
ACC01192,PERSON00859,False,False
ACC01193,PERSON00859,False,False
ACC01194,PERSON00860,False,False
ACC01195,PERSON00861,False,False
ACC01196,PERSON00862,False,False
ACC01197,PERSON00862,False,False
ACC01198,PERSON00863,False,False
ACC01199,PERSON00864,False,False
ACC01200,PERSON00865,False,False
ACC01201,PERSON00866,False,False
ACC01202,PERSON00866,False,False
ACC01203,PERSON00867,False,False
ACC01204,PERSON00868,False,False
ACC01205,PERSON00869,False,False
ACC01206,PERSON00869,False,False
ACC01207,PERSON00870,False,False
ACC01208,PERSON00870,False,False
ACC01209,PERSON00871,False,False
ACC01210,PERSON00872,False,False
ACC01211,PERSON00872,False,False
ACC01212,PERSON00873,False,False
ACC01213,PERSON00874,False,False
ACC01214,PERSON00875,False,False
ACC01215,PERSON00876,False,False
ACC01216,PERSON00877,False,False
ACC01217,PERSON00877,False,False
ACC01218,PERSON00878,False,False
ACC01219,PERSON00878,False,False
ACC01220,PERSON00879,False,False
ACC01221,PERSON00879,False,False
ACC01222,PERSON00880,False,False
ACC01223,PERSON00881,False,False
ACC01224,PERSON00882,False,False
ACC01225,PERSON00883,False,False
ACC01226,PERSON00883,False,False
ACC01227,PERSON00884,False,False
ACC01228,PERSON00885,False,False
ACC01229,PERSON00886,False,False
ACC01230,PERSON00887,False,False
ACC01231,PERSON00888,False,False
ACC01232,PERSON00889,False,False
ACC01233,PERSON00890,False,False
ACC01234,PERSON00891,False,False
ACC01235,PERSON00892,False,False
ACC01236,PERSON00893,False,False
ACC01237,PERSON00894,False,False
ACC01238,PERSON00894,False,False
ACC01239,PERSON00895,False,False
ACC01240,PERSON00896,False,False
ACC01241,PERSON00897,False,False
ACC01242,PERSON00898,False,False
ACC01243,PERSON00898,False,False
ACC01244,PERSON00899,False,False
ACC01245,PERSON00900,False,False
ACC01246,PERSON00901,False,False
ACC01247,PERSON00901,False,False
ACC01248,PERSON00901,False,False
ACC01249,PERSON00902,False,False
ACC01250,PERSON00902,False,False
ACC01251,PERSON00902,False,False
ACC01252,PERSON00903,False,False
ACC01253,PERSON00903,False,False
ACC01254,PERSON00903,False,False
ACC01255,PERSON00904,False,False
ACC01256,PERSON00905,False,False
ACC01257,PERSON00906,False,False
ACC01258,PERSON00907,False,False
ACC01259,PERSON00908,False,False
ACC01260,PERSON00908,False,False
ACC01261,PERSON00909,False,False
ACC01262,PERSON00910,False,False
ACC01263,PERSON00910,False,False
ACC01264,PERSON00911,False,False
ACC01265,PERSON00911,False,False
ACC01266,PERSON00912,False,False
ACC01267,PERSON00912,False,False
ACC01268,PERSON00913,False,False
ACC01269,PERSON00914,False,False
ACC01270,PERSON00915,False,False
ACC01271,PERSON00916,False,False
ACC01272,PERSON00917,False,False
ACC01273,PERSON00918,False,False
ACC01274,PERSON00919,False,False
ACC01275,PERSON00919,False,False
ACC01276,PERSON00920,False,False
ACC01277,PERSON00921,False,False
ACC01278,PERSON00921,False,False
ACC01279,PERSON00922,False,False
ACC01280,PERSON00922,False,False
ACC01281,PERSON00923,False,False
ACC01282,PERSON00924,False,False
ACC01283,PERSON00925,False,False
ACC01284,PERSON00926,False,False
ACC01285,PERSON00927,False,True
ACC01286,PERSON00927,False,True
ACC01287,PERSON00927,False,True
ACC01288,PERSON00928,False,False
ACC01289,PERSON00929,False,False
ACC01290,PERSON00929,False,False
ACC01291,PERSON00929,False,False
ACC01292,PERSON00930,False,False
ACC01293,PERSON00930,False,False
ACC01294,PERSON00930,False,False
ACC01295,PERSON00931,False,False
ACC01296,PERSON00931,False,False
ACC01297,PERSON00931,False,False
ACC01298,PERSON00932,False,False
ACC01299,PERSON00933,False,False
ACC01300,PERSON00933,False,False
ACC01301,PERSON00934,False,False
ACC01302,PERSON00935,False,False
ACC01303,PERSON00936,False,False
ACC01304,PERSON00937,False,False
ACC01305,PERSON00938,False,False
ACC01306,PERSON00939,False,False
ACC01307,PERSON00939,False,False
ACC01308,PERSON00939,False,False
ACC01309,PERSON00940,False,False
ACC01310,PERSON00941,False,False
ACC01311,PERSON00942,False,False
ACC01312,PERSON00943,False,False
ACC01313,PERSON00943,False,False
ACC01314,PERSON00944,False,False
ACC01315,PERSON00945,False,False
ACC01316,PERSON00945,False,False
ACC01317,PERSON00946,False,False
ACC01318,PERSON00947,False,False
ACC01319,PERSON00947,False,False
ACC01320,PERSON00948,False,False
ACC01321,PERSON00949,False,False
ACC01322,PERSON00950,False,False
ACC01323,PERSON00951,False,False
ACC01324,PERSON00952,False,False
ACC01325,PERSON00953,False,False
ACC01326,PERSON00954,False,False
ACC01327,PERSON00955,False,False
ACC01328,PERSON00956,False,False
ACC01329,PERSON00956,False,False
ACC01330,PERSON00957,False,False
ACC01331,PERSON00958,False,False
ACC01332,PERSON00959,False,False
ACC01333,PERSON00959,False,False
ACC01334,PERSON00960,False,True
ACC01335,PERSON00960,False,True
ACC01336,PERSON00961,False,False
ACC01337,PERSON00961,False,False
ACC01338,PERSON00962,False,False
ACC01339,PERSON00962,False,False
ACC01340,PERSON00963,False,False
ACC01341,PERSON00964,False,False
ACC01342,PERSON00965,False,False
ACC01343,PERSON00965,False,False
ACC01344,PERSON00966,False,False
ACC01345,PERSON00967,False,False
ACC01346,PERSON00968,False,False
ACC01347,PERSON00968,False,False
ACC01348,PERSON00969,False,False
ACC01349,PERSON00970,False,False
ACC01350,PERSON00970,False,False
ACC01351,PERSON00971,False,False
ACC01352,PERSON00971,False,False
ACC01353,PERSON00972,False,False
ACC01354,PERSON00972,False,False
ACC01355,PERSON00973,False,False
ACC01356,PERSON00974,False,False
ACC01357,PERSON00975,False,False
ACC01358,PERSON00976,False,False
ACC01359,PERSON00977,False,False
ACC01360,PERSON00978,False,False
ACC01361,PERSON00979,False,False
ACC01362,PERSON00980,False,False
ACC01363,PERSON00981,False,False
ACC01364,PERSON00981,False,False
ACC01365,PERSON00982,False,False
ACC01366,PERSON00983,False,False
ACC01367,PERSON00984,False,False
ACC01368,PERSON00985,False,False
ACC01369,PERSON00986,False,False
ACC01370,PERSON00987,False,False
ACC01371,PERSON00988,False,False
ACC01372,PERSON00989,False,False
ACC01373,PERSON00990,False,False
ACC01374,PERSON00991,False,False
ACC01375,PERSON00992,False,False
ACC01376,PERSON00993,False,False
ACC01377,PERSON00994,False,False
ACC01378,PERSON00995,False,False
ACC01379,PERSON00995,False,False
ACC01380,PERSON00996,False,False
ACC01381,PERSON00997,False,False
ACC01382,PERSON00997,False,False
ACC01383,PERSON00997,False,False
ACC01384,PERSON00998,False,False
ACC01385,PERSON00999,False,False
ACC01386,PERSON01000,False,False
ACC01387,PERSON01001,False,False
ACC01388,PERSON01002,False,False
ACC01389,PERSON01003,False,False
ACC01390,PERSON01004,False,False
ACC01391,PERSON01005,False,False
ACC01392,PERSON01006,False,False
ACC01393,PERSON01006,False,False
ACC01394,PERSON01006,False,False
ACC01395,PERSON01007,False,False
ACC01396,PERSON01008,False,False
ACC01397,PERSON01009,False,False
ACC01398,PERSON01009,False,False
ACC01399,PERSON01010,False,False
ACC01400,PERSON01010,False,False
ACC01401,PERSON01011,False,False
ACC01402,PERSON01012,False,False
ACC01403,PERSON01013,False,False
ACC01404,PERSON01014,False,False
ACC01405,PERSON01015,False,False
ACC01406,PERSON01016,False,False
ACC01407,PERSON01017,False,False
ACC01408,PERSON01018,False,False
ACC01409,PERSON01019,False,False
ACC01410,PERSON01019,False,False
ACC01411,PERSON01020,False,False
ACC01412,PERSON01021,False,False
ACC01413,PERSON01022,False,False
ACC01414,PERSON01023,False,False
ACC01415,PERSON01024,False,False
ACC01416,PERSON01025,False,False
ACC01417,PERSON01025,False,False
ACC01418,PERSON01025,False,False
ACC01419,PERSON01026,False,False
ACC01420,PERSON01027,False,False
ACC01421,PERSON01028,False,False
ACC01422,PERSON01029,False,False
ACC01423,PERSON01030,False,False
ACC01424,PERSON01031,False,False
ACC01425,PERSON01031,False,False
ACC01426,PERSON01032,False,False
ACC01427,PERSON01033,False,False
ACC01428,PERSON01034,False,False
ACC01429,PERSON01034,False,False
ACC01430,PERSON01035,False,False
ACC01431,PERSON01036,False,False
ACC01432,PERSON01036,False,False
ACC01433,PERSON01037,False,False
ACC01434,PERSON01038,False,False
ACC01435,PERSON01039,False,False
ACC01436,PERSON01039,False,False
ACC01437,PERSON01040,False,False
ACC01438,PERSON01041,False,False
ACC01439,PERSON01042,False,False
ACC01440,PERSON01043,False,False
ACC01441,PERSON01043,False,False
ACC01442,PERSON01044,False,False
ACC01443,PERSON01044,False,False
ACC01444,PERSON01045,False,False
ACC01445,PERSON01046,False,False
ACC01446,PERSON01047,False,False
ACC01447,PERSON01048,False,False
ACC01448,PERSON01049,False,False
ACC01449,PERSON01050,False,False
ACC01450,PERSON01051,False,False
ACC01451,PERSON01052,False,False
ACC01452,PERSON01052,False,False
ACC01453,PERSON01053,False,False
ACC01454,PERSON01054,False,False
ACC01455,PERSON01055,False,False
ACC01456,PERSON01056,False,False
ACC01457,PERSON01057,False,False
ACC01458,PERSON01058,False,False
ACC01459,PERSON01059,False,False
ACC01460,PERSON01059,False,False
ACC01461,PERSON01060,False,False
ACC01462,PERSON01061,False,True
ACC01463,PERSON01061,False,True
ACC01464,PERSON01062,False,False
ACC01465,PERSON01062,False,False
ACC01466,PERSON01063,False,False
ACC01467,PERSON01063,False,False
ACC01468,PERSON01064,False,False
ACC01469,PERSON01065,False,False
ACC01470,PERSON01066,False,False
ACC01471,PERSON01067,False,False
ACC01472,PERSON01067,False,False
ACC01473,PERSON01068,False,False
ACC01474,PERSON01069,False,False
ACC01475,PERSON01069,False,False
ACC01476,PERSON01070,False,False
ACC01477,PERSON01071,False,False
ACC01478,PERSON01072,False,False
ACC01479,PERSON01073,False,False
ACC01480,PERSON01074,False,False
ACC01481,PERSON01075,False,False
ACC01482,PERSON01076,False,False
ACC01483,PERSON01076,False,False
ACC01484,PERSON01077,False,False
ACC01485,PERSON01077,False,False
ACC01486,PERSON01078,False,False
ACC01487,PERSON01078,False,False
ACC01488,PERSON01079,False,True
ACC01489,PERSON01079,False,True
ACC01490,PERSON01080,False,False
ACC01491,PERSON01081,False,False
ACC01492,PERSON01082,False,False
ACC01493,PERSON01083,False,False
ACC01494,PERSON01084,False,False
ACC01495,PERSON01085,False,False
ACC01496,PERSON01085,False,False
ACC01497,PERSON01086,False,False
ACC01498,PERSON01087,False,False
ACC01499,PERSON01088,False,False
ACC01500,PERSON01088,False,False
ACC01501,PERSON01089,False,False
ACC01502,PERSON01090,False,False
ACC01503,PERSON01091,False,False
ACC01504,PERSON01092,False,False
ACC01505,PERSON01092,False,False
ACC01506,PERSON01093,False,False
ACC01507,PERSON01094,False,False
ACC01508,PERSON01094,False,False
ACC01509,PERSON01095,False,False
ACC01510,PERSON01096,False,False
ACC01511,PERSON01097,False,False
ACC01512,PERSON01098,False,False
ACC01513,PERSON01099,False,False
ACC01514,PERSON01100,False,False
ACC01515,PERSON01101,False,False
ACC01516,PERSON01101,False,False
ACC01517,PERSON01101,False,False
ACC01518,PERSON01102,False,False
ACC01519,PERSON01103,False,False
ACC01520,PERSON01103,False,False
ACC01521,PERSON01104,False,False
ACC01522,PERSON01105,False,False
ACC01523,PERSON01106,False,False
ACC01524,PERSON01106,False,False
ACC01525,PERSON01106,False,False
ACC01526,PERSON01107,False,False
ACC01527,PERSON01108,False,False
ACC01528,PERSON01108,False,False
ACC01529,PERSON01109,False,False
ACC01530,PERSON01110,False,False
ACC01531,PERSON01111,False,False
ACC01532,PERSON01112,False,False
ACC01533,PERSON01113,False,False
ACC01534,PERSON01114,False,False
ACC01535,PERSON01115,False,False
ACC01536,PERSON01116,False,False
ACC01537,PERSON01117,False,False
ACC01538,PERSON01118,False,False
ACC01539,PERSON01119,False,False
ACC01540,PERSON01120,False,False
ACC01541,PERSON01120,False,False
ACC01542,PERSON01121,False,False
ACC01543,PERSON01121,False,False
ACC01544,PERSON01122,False,False
ACC01545,PERSON01122,False,False
ACC01546,PERSON01123,False,False
ACC01547,PERSON01123,False,False
ACC01548,PERSON01124,False,False
ACC01549,PERSON01125,False,False
ACC01550,PERSON01125,False,False
ACC01551,PERSON01126,False,False
ACC01552,PERSON01127,False,False
ACC01553,PERSON01128,False,False
ACC01554,PERSON01129,False,False
ACC01555,PERSON01130,False,False
ACC01556,PERSON01131,False,False
ACC01557,PERSON01131,False,False
ACC01558,PERSON01132,False,False
ACC01559,PERSON01133,False,False
ACC01560,PERSON01134,False,False
ACC01561,PERSON01134,False,False
ACC01562,PERSON01135,False,False
ACC01563,PERSON01136,False,False
ACC01564,PERSON01136,False,False
ACC01565,PERSON01137,False,False
ACC01566,PERSON01137,False,False
ACC01567,PERSON01137,False,False
ACC01568,PERSON01137,False,False
ACC01569,PERSON01138,False,False
ACC01570,PERSON01138,False,False
ACC01571,PERSON01139,False,False
ACC01572,PERSON01139,False,False
ACC01573,PERSON01139,False,False
ACC01574,PERSON01140,False,False
ACC01575,PERSON01141,False,False
ACC01576,PERSON01142,False,False
ACC01577,PERSON01142,False,False
ACC01578,PERSON01143,False,False
ACC01579,PERSON01143,False,False
ACC01580,PERSON01144,False,False
ACC01581,PERSON01144,False,False
ACC01582,PERSON01144,False,False
ACC01583,PERSON01145,False,False
ACC01584,PERSON01145,False,False
ACC01585,PERSON01146,False,False
ACC01586,PERSON01147,False,False
ACC01587,PERSON01147,False,False
ACC01588,PERSON01148,False,False
ACC01589,PERSON01149,False,False
ACC01590,PERSON01150,False,False
ACC01591,PERSON01151,False,False
ACC01592,PERSON01152,False,False
ACC01593,PERSON01152,False,False
ACC01594,PERSON01153,False,False
ACC01595,PERSON01153,False,False
ACC01596,PERSON01153,False,False
ACC01597,PERSON01153,False,False
ACC01598,PERSON01153,False,False
ACC01599,PERSON01154,False,False
ACC01600,PERSON01154,False,False
ACC01601,PERSON01155,False,False
ACC01602,PERSON01156,False,False
ACC01603,PERSON01156,False,False
ACC01604,PERSON01156,False,False
ACC01605,PERSON01157,False,False
ACC01606,PERSON01157,False,False
ACC01607,PERSON01158,False,False
ACC01608,PERSON01159,False,False
ACC01609,PERSON01159,False,False
ACC01610,PERSON01160,False,False
ACC01611,PERSON01161,False,False
ACC01612,PERSON01161,False,False
ACC01613,PERSON01162,False,False
ACC01614,PERSON01162,False,False
ACC01615,PERSON01163,False,False
ACC01616,PERSON01164,False,False
ACC01617,PERSON01164,False,False
ACC01618,PERSON01165,False,False
ACC01619,PERSON01166,False,False
ACC01620,PERSON01167,False,False
ACC01621,PERSON01167,False,False
ACC01622,PERSON01168,False,False
ACC01623,PERSON01168,False,False
ACC01624,PERSON01169,False,False
ACC01625,PERSON01170,False,False
ACC01626,PERSON01171,False,False
ACC01627,PERSON01171,False,False
ACC01628,PERSON01172,False,False
ACC01629,PERSON01173,False,False
ACC01630,PERSON01174,False,False
ACC01631,PERSON01175,False,False
ACC01632,PERSON01175,False,False
ACC01633,PERSON01176,False,False
ACC01634,PERSON01177,False,False
ACC01635,PERSON01177,False,False
ACC01636,PERSON01178,False,False
ACC01637,PERSON01179,False,False
ACC01638,PERSON01179,False,False
ACC01639,PERSON01180,False,False
ACC01640,PERSON01181,False,False
ACC01641,PERSON01181,False,False
ACC01642,PERSON01181,False,False
ACC01643,PERSON01182,False,False
ACC01644,PERSON01183,False,False
ACC01645,PERSON01184,False,False
ACC01646,PERSON01185,False,False
ACC01647,PERSON01186,False,False
ACC01648,PERSON01187,False,False
ACC01649,PERSON01188,False,False
ACC01650,PERSON01189,False,False
ACC01651,PERSON01189,False,False
ACC01652,PERSON01190,False,False
ACC01653,PERSON01191,False,False
ACC01654,PERSON01192,False,False
ACC01655,PERSON01193,False,False
ACC01656,PERSON01193,False,False
ACC01657,PERSON01194,False,False
ACC01658,PERSON01194,False,False
ACC01659,PERSON01195,False,False
ACC01660,PERSON01196,False,False
ACC01661,PERSON01196,False,False
ACC01662,PERSON01197,False,False
ACC01663,PERSON01198,False,False
ACC01664,PERSON01199,False,False
ACC01665,PERSON01200,False,False
ACC01666,PERSON01201,False,False
ACC01667,PERSON01202,False,False
ACC01668,PERSON01202,False,False
ACC01669,PERSON01203,False,False
ACC01670,PERSON01204,False,False
ACC01671,PERSON01205,False,False
ACC01672,PERSON01206,False,False
ACC01673,PERSON01207,False,False
ACC01674,PERSON01207,False,False
ACC01675,PERSON01208,False,False
ACC01676,PERSON01209,False,False
ACC01677,PERSON01210,False,False
ACC01678,PERSON01211,False,False
ACC01679,PERSON01212,False,False
ACC01680,PERSON01212,False,False
ACC01681,PERSON01213,False,False
ACC01682,PERSON01214,False,False
ACC01683,PERSON01215,False,False
ACC01684,PERSON01216,False,False
ACC01685,PERSON01216,False,False
ACC01686,PERSON01216,False,False
ACC01687,PERSON01217,False,False
ACC01688,PERSON01218,False,False
ACC01689,PERSON01218,False,False
ACC01690,PERSON01219,False,False
ACC01691,PERSON01220,False,False
ACC01692,PERSON01221,False,False
ACC01693,PERSON01221,False,False
ACC01694,PERSON01222,False,False
ACC01695,PERSON01223,False,False
ACC01696,PERSON01224,False,False
ACC01697,PERSON01225,False,False
ACC01698,PERSON01226,False,False
ACC01699,PERSON01227,False,False
ACC01700,PERSON01227,False,False
ACC01701,PERSON01228,False,False
ACC01702,PERSON01228,False,False
ACC01703,PERSON01229,False,False
ACC01704,PERSON01230,False,False
ACC01705,PERSON01231,False,False
ACC01706,PERSON01231,False,False
ACC01707,PERSON01232,False,False
ACC01708,PERSON01233,False,False
ACC01709,PERSON01233,False,False
ACC01710,PERSON01234,False,False
ACC01711,PERSON01235,False,False
ACC01712,PERSON01236,False,False
ACC01713,PERSON01236,False,False
ACC01714,PERSON01237,False,False
ACC01715,PERSON01238,False,False
ACC01716,PERSON01239,False,False
ACC01717,PERSON01239,False,False
ACC01718,PERSON01240,False,False
ACC01719,PERSON01240,False,False
ACC01720,PERSON01241,False,False
ACC01721,PERSON01241,False,False
ACC01722,PERSON01242,False,False
ACC01723,PERSON01242,False,False
ACC01724,PERSON01243,False,False
ACC01725,PERSON01244,False,False
ACC01726,PERSON01245,False,False
ACC01727,PERSON01246,False,False
ACC01728,PERSON01247,False,True
ACC01729,PERSON01247,False,True
ACC01730,PERSON01248,False,False
ACC01731,PERSON01248,False,False
ACC01732,PERSON01249,False,False
ACC01733,PERSON01249,False,False
ACC01734,PERSON01250,False,False
ACC01735,PERSON01251,False,False
ACC01736,PERSON01252,False,False
ACC01737,PERSON01253,False,False
ACC01738,PERSON01254,False,False
ACC01739,PERSON01254,False,False
ACC01740,PERSON01255,False,False
ACC01741,PERSON01256,False,False
ACC01742,PERSON01257,False,False
ACC01743,PERSON01258,False,False
ACC01744,PERSON01258,False,False
ACC01745,PERSON01259,False,False
ACC01746,PERSON01259,False,False
ACC01747,PERSON01259,False,False
ACC01748,PERSON01260,False,False
ACC01749,PERSON01261,False,False
ACC01750,PERSON01261,False,False
ACC01751,PERSON01262,False,False
ACC01752,PERSON01263,False,False
ACC01753,PERSON01264,False,False
ACC01754,PERSON01264,False,False
ACC01755,PERSON01265,False,False
ACC01756,PERSON01266,False,False
ACC01757,PERSON01267,False,False
ACC01758,PERSON01268,False,False
ACC01759,PERSON01268,False,False
ACC01760,PERSON01269,False,False
ACC01761,PERSON01270,False,False
ACC01762,PERSON01271,False,False
ACC01763,PERSON01272,False,False
ACC01764,PERSON01273,False,False
ACC01765,PERSON01274,False,False
ACC01766,PERSON01274,False,False
ACC01767,PERSON01275,False,False
ACC01768,PERSON01276,False,False
ACC01769,PERSON01277,False,False
ACC01770,PERSON01278,False,False
ACC01771,PERSON01279,False,False
ACC01772,PERSON01280,False,False
ACC01773,PERSON01281,False,False
ACC01774,PERSON01282,False,False
ACC01775,PERSON01282,False,False
ACC01776,PERSON01282,False,False
ACC01777,PERSON01283,False,False
ACC01778,PERSON01284,False,False
ACC01779,PERSON01285,False,False
ACC01780,PERSON01286,False,False
ACC01781,PERSON01287,False,False
ACC01782,PERSON01287,False,False
ACC01783,PERSON01288,False,False
ACC01784,PERSON01289,False,False
ACC01785,PERSON01290,False,False
ACC01786,PERSON01291,False,False
ACC01787,PERSON01292,False,False
ACC01788,PERSON01293,False,False
ACC01789,PERSON01294,False,False
ACC01790,PERSON01295,False,False
ACC01791,PERSON01296,False,False
ACC01792,PERSON01297,False,False
ACC01793,PERSON01297,False,False
ACC01794,PERSON01298,False,False
ACC01795,PERSON01299,False,False
ACC01796,PERSON01300,False,False
ACC01797,PERSON01301,False,False
ACC01798,PERSON01301,False,False
ACC01799,PERSON01302,False,False
ACC01800,PERSON01303,False,False
ACC01801,PERSON01304,False,False
ACC01802,PERSON01305,False,False
ACC01803,PERSON01306,False,False
ACC01804,PERSON01306,False,False
ACC01805,PERSON01307,False,False
ACC01806,PERSON01308,False,False
ACC01807,PERSON01309,False,False
ACC01808,PERSON01310,False,False
ACC01809,PERSON01311,False,False
ACC01810,PERSON01312,False,False
ACC01811,PERSON01312,False,False
ACC01812,PERSON01313,False,False
ACC01813,PERSON01314,False,False
ACC01814,PERSON01315,False,False
ACC01815,PERSON01315,False,False
ACC01816,PERSON01315,False,False
ACC01817,PERSON01316,False,False
ACC01818,PERSON01317,False,False
ACC01819,PERSON01317,False,False
ACC01820,PERSON01318,False,False
ACC01821,PERSON01319,False,False
ACC01822,PERSON01319,False,False
ACC01823,PERSON01320,False,False
ACC01824,PERSON01321,False,False
ACC01825,PERSON01322,False,False
ACC01826,PERSON01322,False,False
ACC01827,PERSON01323,False,False
ACC01828,PERSON01323,False,False
ACC01829,PERSON01323,False,False
ACC01830,PERSON01324,False,False
ACC01831,PERSON01325,False,False
ACC01832,PERSON01325,False,False
ACC01833,PERSON01326,False,False
ACC01834,PERSON01326,False,False
ACC01835,PERSON01327,False,False
ACC01836,PERSON01328,False,False
ACC01837,PERSON01329,False,False
ACC01838,PERSON01329,False,False
ACC01839,PERSON01330,False,False
ACC01840,PERSON01331,False,False
ACC01841,PERSON01332,False,False
ACC01842,PERSON01333,False,False
ACC01843,PERSON01334,False,False
ACC01844,PERSON01335,False,False
ACC01845,PERSON01335,False,False
ACC01846,PERSON01336,False,False
ACC01847,PERSON01337,False,False
ACC01848,PERSON01337,False,False
ACC01849,PERSON01338,False,False
ACC01850,PERSON01339,False,False
ACC01851,PERSON01339,False,False
ACC01852,PERSON01340,False,False
ACC01853,PERSON01340,False,False
ACC01854,PERSON01340,False,False
ACC01855,PERSON01340,False,False
ACC01856,PERSON01341,False,False
ACC01857,PERSON01342,False,False
ACC01858,PERSON01342,False,False
ACC01859,PERSON01343,False,False
ACC01860,PERSON01344,False,False
ACC01861,PERSON01345,False,False
ACC01862,PERSON01346,False,False
ACC01863,PERSON01346,False,False
ACC01864,PERSON01347,False,False
ACC01865,PERSON01347,False,False
ACC01866,PERSON01348,False,False
ACC01867,PERSON01349,False,False
ACC01868,PERSON01350,False,False
ACC01869,PERSON01351,False,False
ACC01870,PERSON01351,False,False
ACC01871,PERSON01351,False,False
ACC01872,PERSON01352,False,False
ACC01873,PERSON01353,False,False
ACC01874,PERSON01354,False,False
ACC01875,PERSON01355,False,False
ACC01876,PERSON01356,False,False
ACC01877,PERSON01356,False,False
ACC01878,PERSON01357,False,False
ACC01879,PERSON01358,False,False
ACC01880,PERSON01358,False,False
ACC01881,PERSON01359,False,False
ACC01882,PERSON01360,False,False
ACC01883,PERSON01361,False,False
ACC01884,PERSON01362,False,False
ACC01885,PERSON01363,False,False
ACC01886,PERSON01364,False,False
ACC01887,PERSON01365,False,False
ACC01888,PERSON01365,False,False
ACC01889,PERSON01366,False,False
ACC01890,PERSON01366,False,False
ACC01891,PERSON01367,False,False
ACC01892,PERSON01367,False,False
ACC01893,PERSON01368,False,False
ACC01894,PERSON01369,False,False
ACC01895,PERSON01370,False,False
ACC01896,PERSON01371,False,False
ACC01897,PERSON01371,False,False
ACC01898,PERSON01371,False,False
ACC01899,PERSON01372,False,False
ACC01900,PERSON01373,False,False
ACC01901,PERSON01374,False,False
ACC01902,PERSON01374,False,False
ACC01903,PERSON01375,False,False
ACC01904,PERSON01376,False,False
ACC01905,PERSON01377,False,False
ACC01906,PERSON01378,False,False
ACC01907,PERSON01379,False,False
ACC01908,PERSON01380,False,False
ACC01909,PERSON01381,False,False
ACC01910,PERSON01382,False,False
ACC01911,PERSON01383,False,False
ACC01912,PERSON01383,False,False
ACC01913,PERSON01384,False,False
ACC01914,PERSON01385,False,False
ACC01915,PERSON01386,False,False
ACC01916,PERSON01387,False,False
ACC01917,PERSON01388,False,False
ACC01918,PERSON01389,False,False
ACC01919,PERSON01389,False,False
ACC01920,PERSON01390,False,False
ACC01921,PERSON01390,False,False
ACC01922,PERSON01390,False,False
ACC01923,PERSON01391,False,False
ACC01924,PERSON01392,False,False
ACC01925,PERSON01393,False,False
ACC01926,PERSON01393,False,False
ACC01927,PERSON01394,False,False
ACC01928,PERSON01395,False,False
ACC01929,PERSON01396,False,False
ACC01930,PERSON01397,False,False
ACC01931,PERSON01398,False,False
ACC01932,PERSON01399,False,False
ACC01933,PERSON01400,False,False
ACC01934,PERSON01401,False,False
ACC01935,PERSON01402,False,False
ACC01936,PERSON01403,False,False
ACC01937,PERSON01404,False,False
ACC01938,PERSON01405,False,False
ACC01939,PERSON01406,False,True
ACC01940,PERSON01406,False,True
ACC01941,PERSON01407,False,False
ACC01942,PERSON01408,False,False
ACC01943,PERSON01409,False,False
ACC01944,PERSON01410,False,False
ACC01945,PERSON01410,False,False
ACC01946,PERSON01411,False,False
ACC01947,PERSON01412,False,False
ACC01948,PERSON01413,False,False
ACC01949,PERSON01414,False,False
ACC01950,PERSON01415,False,False
ACC01951,PERSON01416,False,False
ACC01952,PERSON01417,False,False
ACC01953,PERSON01418,False,False
ACC01954,PERSON01419,False,False
ACC01955,PERSON01420,False,False
ACC01956,PERSON01421,False,False
ACC01957,PERSON01422,False,False
ACC01958,PERSON01422,False,False
ACC01959,PERSON01423,False,False
ACC01960,PERSON01424,False,False
ACC01961,PERSON01425,False,False
ACC01962,PERSON01426,False,False
ACC01963,PERSON01427,False,False
ACC01964,PERSON01428,False,False
ACC01965,PERSON01429,False,False
ACC01966,PERSON01429,False,False
ACC01967,PERSON01430,False,False
ACC01968,PERSON01431,False,False
ACC01969,PERSON01431,False,False
ACC01970,PERSON01432,False,False
ACC01971,PERSON01432,False,False
ACC01972,PERSON01433,False,False
ACC01973,PERSON01433,False,False
ACC01974,PERSON01434,False,False
ACC01975,PERSON01435,False,False
ACC01976,PERSON01436,False,False
ACC01977,PERSON01437,False,False
ACC01978,PERSON01438,False,False
ACC01979,PERSON01439,False,False
ACC01980,PERSON01439,False,False
ACC01981,PERSON01440,False,False
ACC01982,PERSON01440,False,False
ACC01983,PERSON01441,False,False
ACC01984,PERSON01442,False,False
ACC01985,PERSON01443,False,False
ACC01986,PERSON01444,False,False
ACC01987,PERSON01445,False,False
ACC01988,PERSON01446,False,False
ACC01989,PERSON01446,False,False
ACC01990,PERSON01447,False,False
ACC01991,PERSON01448,False,False
ACC01992,PERSON01449,False,False
ACC01993,PERSON01450,False,False
ACC01994,PERSON01451,False,False
ACC01995,PERSON01451,False,False
ACC01996,PERSON01452,False,False
ACC01997,PERSON01453,False,False
ACC01998,PERSON01454,False,False
ACC01999,PERSON01454,False,False
ACC02000,PERSON01455,False,False
ACC02001,PERSON01455,False,False
ACC02002,PERSON01456,False,False
ACC02003,PERSON01457,False,False
ACC02004,PERSON01458,False,False
ACC02005,PERSON01459,False,False
ACC02006,PERSON01460,False,False
ACC02007,PERSON01460,False,False
ACC02008,PERSON01461,False,False
ACC02009,PERSON01462,False,False
ACC02010,PERSON01463,False,False
ACC02011,PERSON01464,False,False
ACC02012,PERSON01465,False,False
ACC02013,PERSON01466,False,False
ACC02014,PERSON01467,False,False
ACC02015,PERSON01467,False,False
ACC02016,PERSON01468,False,False
ACC02017,PERSON01468,False,False
ACC02018,PERSON01469,False,False
ACC02019,PERSON01470,False,False
ACC02020,PERSON01471,False,False
ACC02021,PERSON01472,False,False
ACC02022,PERSON01472,False,False
ACC02023,PERSON01473,False,False
ACC02024,PERSON01474,False,False
ACC02025,PERSON01474,False,False
ACC02026,PERSON01475,False,False
ACC02027,PERSON01476,False,False
ACC02028,PERSON01477,False,False
ACC02029,PERSON01478,False,False
ACC02030,PERSON01478,False,False
ACC02031,PERSON01479,False,True
ACC02032,PERSON01479,False,True
ACC02033,PERSON01480,False,False
ACC02034,PERSON01480,False,False
ACC02035,PERSON01481,False,False
ACC02036,PERSON01482,False,False
ACC02037,PERSON01483,False,False
ACC02038,PERSON01484,False,False
ACC02039,PERSON01485,False,False
ACC02040,PERSON01486,False,False
ACC02041,PERSON01487,False,False
ACC02042,PERSON01487,False,False
ACC02043,PERSON01488,False,False
ACC02044,PERSON01489,False,False
ACC02045,PERSON01489,False,False
ACC02046,PERSON01490,False,False
ACC02047,PERSON01491,False,False
ACC02048,PERSON01492,False,False
ACC02049,PERSON01493,False,False
ACC02050,PERSON01494,False,False
ACC02051,PERSON01495,False,False
ACC02052,PERSON01496,False,False
ACC02053,PERSON01496,False,False
ACC02054,PERSON01497,False,False
ACC02055,PERSON01498,False,False
ACC02056,PERSON01498,False,False
ACC02057,PERSON01499,False,False
ACC02058,PERSON01499,False,False
ACC02059,PERSON01499,False,False
ACC02060,PERSON01500,False,False
ACC02061,PERSON01501,False,False
ACC02062,PERSON01502,False,False
ACC02063,PERSON01502,False,False
ACC02064,PERSON01503,False,False
ACC02065,PERSON01504,False,False
ACC02066,PERSON01505,False,False
ACC02067,PERSON01505,False,False
ACC02068,PERSON01506,False,False
ACC02069,PERSON01507,False,False
ACC02070,PERSON01508,False,False
ACC02071,PERSON01509,False,False
ACC02072,PERSON01510,False,False
ACC02073,PERSON01510,False,False
ACC02074,PERSON01511,False,False
ACC02075,PERSON01511,False,False
ACC02076,PERSON01512,False,False
ACC02077,PERSON01513,False,False
ACC02078,PERSON01513,False,False
ACC02079,PERSON01514,False,False
ACC02080,PERSON01515,False,False
ACC02081,PERSON01516,False,False
ACC02082,PERSON01516,False,False
ACC02083,PERSON01517,False,False
ACC02084,PERSON01517,False,False
ACC02085,PERSON01518,False,False
ACC02086,PERSON01519,False,False
ACC02087,PERSON01520,False,False
ACC02088,PERSON01521,False,False
ACC02089,PERSON01521,False,False
ACC02090,PERSON01522,False,False
ACC02091,PERSON01522,False,False
ACC02092,PERSON01523,False,False
ACC02093,PERSON01524,False,False
ACC02094,PERSON01525,False,False
ACC02095,PERSON01525,False,False
ACC02096,PERSON01526,False,False
ACC02097,PERSON01526,False,False
ACC02098,PERSON01527,False,False
ACC02099,PERSON01528,False,False
ACC02100,PERSON01529,False,False
ACC02101,PERSON01530,False,False
ACC02102,PERSON01531,False,False
ACC02103,PERSON01532,False,False
ACC02104,PERSON01532,False,False
ACC02105,PERSON01533,False,False
ACC02106,PERSON01533,False,False
ACC02107,PERSON01533,False,False
ACC02108,PERSON01534,False,False
ACC02109,PERSON01534,False,False
ACC02110,PERSON01535,False,False
ACC02111,PERSON01536,False,False
ACC02112,PERSON01537,False,False
ACC02113,PERSON01538,False,False
ACC02114,PERSON01539,False,False
ACC02115,PERSON01539,False,False
ACC02116,PERSON01540,False,False
ACC02117,PERSON01541,False,False
ACC02118,PERSON01542,False,False
ACC02119,PERSON01543,False,False
ACC02120,PERSON01544,False,False
ACC02121,PERSON01545,False,False
ACC02122,PERSON01546,False,False
ACC02123,PERSON01547,False,False
ACC02124,PERSON01547,False,False
ACC02125,PERSON01548,False,False
ACC02126,PERSON01549,False,False
ACC02127,PERSON01550,False,False
ACC02128,PERSON01551,False,False
ACC02129,PERSON01552,False,False
ACC02130,PERSON01553,False,False
ACC02131,PERSON01554,False,False
ACC02132,PERSON01554,False,False
ACC02133,PERSON01555,False,False
ACC02134,PERSON01556,False,False
ACC02135,PERSON01556,False,False
ACC02136,PERSON01557,False,False
ACC02137,PERSON01558,False,False
ACC02138,PERSON01559,False,False
ACC02139,PERSON01560,False,False
ACC02140,PERSON01561,False,False
ACC02141,PERSON01562,False,False
ACC02142,PERSON01563,False,False
ACC02143,PERSON01564,False,False
ACC02144,PERSON01565,False,False
ACC02145,PERSON01566,False,False
ACC02146,PERSON01567,False,False
ACC02147,PERSON01567,False,False
ACC02148,PERSON01568,False,False
ACC02149,PERSON01569,False,False
ACC02150,PERSON01570,False,False
ACC02151,PERSON01571,False,False
ACC02152,PERSON01571,False,False
ACC02153,PERSON01572,False,False
ACC02154,PERSON01572,False,False
ACC02155,PERSON01572,False,False
ACC02156,PERSON01573,False,False
ACC02157,PERSON01574,False,False
ACC02158,PERSON01575,False,False
ACC02159,PERSON01575,False,False
ACC02160,PERSON01576,False,False
ACC02161,PERSON01576,False,False
ACC02162,PERSON01577,False,False
ACC02163,PERSON01578,False,False
ACC02164,PERSON01578,False,False
ACC02165,PERSON01578,False,False
ACC02166,PERSON01579,False,False
ACC02167,PERSON01580,False,False
ACC02168,PERSON01580,False,False
ACC02169,PERSON01581,False,False
ACC02170,PERSON01582,False,False
ACC02171,PERSON01582,False,False
ACC02172,PERSON01583,False,False
ACC02173,PERSON01584,False,False
ACC02174,PERSON01585,False,False
ACC02175,PERSON01586,False,False
ACC02176,PERSON01587,False,False
ACC02177,PERSON01588,False,False
ACC02178,PERSON01589,False,False
ACC02179,PERSON01590,False,False
ACC02180,PERSON01590,False,False
ACC02181,PERSON01591,False,False
ACC02182,PERSON01592,False,False
ACC02183,PERSON01592,False,False
ACC02184,PERSON01592,False,False
ACC02185,PERSON01593,False,False
ACC02186,PERSON01594,False,False
ACC02187,PERSON01595,False,False
ACC02188,PERSON01596,False,False
ACC02189,PERSON01597,False,False
ACC02190,PERSON01597,False,False
ACC02191,PERSON01598,False,False
ACC02192,PERSON01599,False,False
ACC02193,PERSON01600,False,False
ACC02194,PERSON01600,False,False
ACC02195,PERSON01601,False,False
ACC02196,PERSON01602,False,False
ACC02197,PERSON01602,False,False
ACC02198,PERSON01603,False,False
ACC02199,PERSON01604,False,False
ACC02200,PERSON01605,False,False
ACC02201,PERSON01605,False,False
ACC02202,PERSON01606,False,False
ACC02203,PERSON01607,False,False
ACC02204,PERSON01608,False,False
ACC02205,PERSON01609,False,False
ACC02206,PERSON01610,False,False
ACC02207,PERSON01610,False,False
ACC02208,PERSON01611,False,False
ACC02209,PERSON01612,False,False
ACC02210,PERSON01613,False,False
ACC02211,PERSON01613,False,False
ACC02212,PERSON01614,False,False
ACC02213,PERSON01614,False,False
ACC02214,PERSON01614,False,False
ACC02215,PERSON01615,False,False
ACC02216,PERSON01616,False,False
ACC02217,PERSON01617,False,False
ACC02218,PERSON01618,False,False
ACC02219,PERSON01619,False,False
ACC02220,PERSON01620,False,False
ACC02221,PERSON01621,False,False
ACC02222,PERSON01622,False,False
ACC02223,PERSON01623,False,False
ACC02224,PERSON01623,False,False
ACC02225,PERSON01623,False,False
ACC02226,PERSON01623,False,False
ACC02227,PERSON01624,False,False
ACC02228,PERSON01624,False,False
ACC02229,PERSON01625,False,False
ACC02230,PERSON01625,False,False
ACC02231,PERSON01626,False,False
ACC02232,PERSON01627,False,False
ACC02233,PERSON01628,False,False
ACC02234,PERSON01629,False,False
ACC02235,PERSON01630,False,False
ACC02236,PERSON01630,False,False
ACC02237,PERSON01631,False,False
ACC02238,PERSON01631,False,False
ACC02239,PERSON01632,False,False
ACC02240,PERSON01632,False,False
ACC02241,PERSON01633,False,False
ACC02242,PERSON01634,False,False
ACC02243,PERSON01635,False,False
ACC02244,PERSON01636,False,False
ACC02245,PERSON01637,False,False
ACC02246,PERSON01638,False,False
ACC02247,PERSON01639,False,False
ACC02248,PERSON01639,False,False
ACC02249,PERSON01640,False,False
ACC02250,PERSON01640,False,False
ACC02251,PERSON01641,False,False
ACC02252,PERSON01642,False,False
ACC02253,PERSON01643,False,False
ACC02254,PERSON01643,False,False
ACC02255,PERSON01643,False,False
ACC02256,PERSON01644,False,False
ACC02257,PERSON01645,False,False
ACC02258,PERSON01645,False,False
ACC02259,PERSON01646,False,False
ACC02260,PERSON01647,False,False
ACC02261,PERSON01648,False,False
ACC02262,PERSON01649,False,False
ACC02263,PERSON01649,False,False
ACC02264,PERSON01649,False,False
ACC02265,PERSON01650,False,False
ACC02266,PERSON01651,False,False
ACC02267,PERSON01652,False,False
ACC02268,PERSON01653,False,False
ACC02269,PERSON01653,False,False
ACC02270,PERSON01653,False,False
ACC02271,PERSON01654,False,False
ACC02272,PERSON01654,False,False
ACC02273,PERSON01655,False,False
ACC02274,PERSON01655,False,False
ACC02275,PERSON01655,False,False
ACC02276,PERSON01656,False,False
ACC02277,PERSON01657,False,False
ACC02278,PERSON01657,False,False
ACC02279,PERSON01658,False,False
ACC02280,PERSON01658,False,False
ACC02281,PERSON01659,False,False
ACC02282,PERSON01660,False,False
ACC02283,PERSON01661,False,False
ACC02284,PERSON01662,False,False
ACC02285,PERSON01662,False,False
ACC02286,PERSON01663,False,False
ACC02287,PERSON01664,False,False
ACC02288,PERSON01664,False,False
ACC02289,PERSON01665,False,False
ACC02290,PERSON01666,False,False
ACC02291,PERSON01666,False,False
ACC02292,PERSON01667,False,False
ACC02293,PERSON01668,False,False
ACC02294,PERSON01668,False,False
ACC02295,PERSON01669,False,False
ACC02296,PERSON01669,False,False
ACC02297,PERSON01669,False,False
ACC02298,PERSON01670,False,False
ACC02299,PERSON01671,False,False
ACC02300,PERSON01672,False,False
ACC02301,PERSON01673,False,False
ACC02302,PERSON01674,False,False
ACC02303,PERSON01675,False,False
ACC02304,PERSON01675,False,False
ACC02305,PERSON01676,False,False
ACC02306,PERSON01676,False,False
ACC02307,PERSON01677,False,False
ACC02308,PERSON01678,False,False
ACC02309,PERSON01678,False,False
ACC02310,PERSON01679,False,False
ACC02311,PERSON01680,False,False
ACC02312,PERSON01680,False,False
ACC02313,PERSON01681,False,False
ACC02314,PERSON01682,False,False
ACC02315,PERSON01682,False,False
ACC02316,PERSON01683,False,False
ACC02317,PERSON01684,False,False
ACC02318,PERSON01685,False,False
ACC02319,PERSON01686,False,False
ACC02320,PERSON01687,False,False
ACC02321,PERSON01687,False,False
ACC02322,PERSON01688,False,False
ACC02323,PERSON01689,False,False
ACC02324,PERSON01689,False,False
ACC02325,PERSON01690,False,False
ACC02326,PERSON01691,False,False
ACC02327,PERSON01692,False,False
ACC02328,PERSON01693,False,False
ACC02329,PERSON01694,False,False
ACC02330,PERSON01694,False,False
ACC02331,PERSON01694,False,False
ACC02332,PERSON01695,False,False
ACC02333,PERSON01696,False,False
ACC02334,PERSON01697,False,False
ACC02335,PERSON01698,False,False
ACC02336,PERSON01699,False,False
ACC02337,PERSON01700,False,False
ACC02338,PERSON01701,False,False
ACC02339,PERSON01701,False,False
ACC02340,PERSON01702,False,False
ACC02341,PERSON01703,False,False
ACC02342,PERSON01704,False,False
ACC02343,PERSON01704,False,False
ACC02344,PERSON01705,False,False
ACC02345,PERSON01706,False,False
ACC02346,PERSON01707,False,False
ACC02347,PERSON01708,False,False
ACC02348,PERSON01709,False,False
ACC02349,PERSON01710,False,False
ACC02350,PERSON01711,False,False
ACC02351,PERSON01712,False,False
ACC02352,PERSON01713,False,False
ACC02353,PERSON01713,False,False
ACC02354,PERSON01714,False,False
ACC02355,PERSON01715,False,False
ACC02356,PERSON01716,False,False
ACC02357,PERSON01717,False,False
ACC02358,PERSON01717,False,False
ACC02359,PERSON01718,False,False
ACC02360,PERSON01719,False,False
ACC02361,PERSON01720,False,False
ACC02362,PERSON01721,False,False
ACC02363,PERSON01722,False,False
ACC02364,PERSON01723,False,False
ACC02365,PERSON01724,False,False
ACC02366,PERSON01725,False,False
ACC02367,PERSON01726,False,False
ACC02368,PERSON01727,False,False
ACC02369,PERSON01728,False,False
ACC02370,PERSON01729,False,False
ACC02371,PERSON01730,False,False
ACC02372,PERSON01730,False,False
ACC02373,PERSON01731,False,False
ACC02374,PERSON01731,False,False
ACC02375,PERSON01732,False,False
ACC02376,PERSON01732,False,False
ACC02377,PERSON01733,False,False
ACC02378,PERSON01734,False,False
ACC02379,PERSON01735,False,False
ACC02380,PERSON01736,False,False
ACC02381,PERSON01737,False,False
ACC02382,PERSON01738,False,False
ACC02383,PERSON01739,False,False
ACC02384,PERSON01740,False,False
ACC02385,PERSON01741,False,False
ACC02386,PERSON01741,False,False
ACC02387,PERSON01741,False,False
ACC02388,PERSON01742,False,False
ACC02389,PERSON01743,False,False
ACC02390,PERSON01744,False,False
ACC02391,PERSON01744,False,False
ACC02392,PERSON01745,False,False
ACC02393,PERSON01746,False,False
ACC02394,PERSON01747,False,False
ACC02395,PERSON01747,False,False
ACC02396,PERSON01748,False,False
ACC02397,PERSON01749,False,False
ACC02398,PERSON01749,False,False
ACC02399,PERSON01749,False,False
ACC02400,PERSON01750,False,False
ACC02401,PERSON01750,False,False
ACC02402,PERSON01751,False,False
ACC02403,PERSON01752,False,False
ACC02404,PERSON01753,False,False
ACC02405,PERSON01753,False,False
ACC02406,PERSON01754,False,False
ACC02407,PERSON01755,False,False
ACC02408,PERSON01756,False,False
ACC02409,PERSON01757,False,False
ACC02410,PERSON01758,False,False
ACC02411,PERSON01759,False,False
ACC02412,PERSON01759,False,False
ACC02413,PERSON01760,False,False
ACC02414,PERSON01760,False,False
ACC02415,PERSON01761,False,False
ACC02416,PERSON01762,False,False
ACC02417,PERSON01763,False,False
ACC02418,PERSON01764,False,False
ACC02419,PERSON01765,False,False
ACC02420,PERSON01766,False,False
ACC02421,PERSON01767,False,False
ACC02422,PERSON01768,False,False
ACC02423,PERSON01768,False,False
ACC02424,PERSON01769,False,False
ACC02425,PERSON01770,False,False
ACC02426,PERSON01771,False,False
ACC02427,PERSON01772,False,False
ACC02428,PERSON01773,False,False
ACC02429,PERSON01774,False,False
ACC02430,PERSON01775,False,False
ACC02431,PERSON01776,False,False
ACC02432,PERSON01777,False,False
ACC02433,PERSON01778,False,False
ACC02434,PERSON01779,False,False
ACC02435,PERSON01779,False,False
ACC02436,PERSON01780,False,False
ACC02437,PERSON01781,False,False
ACC02438,PERSON01782,False,False
ACC02439,PERSON01783,False,False
ACC02440,PERSON01784,False,False
ACC02441,PERSON01785,False,False
ACC02442,PERSON01786,False,False
ACC02443,PERSON01787,False,False
ACC02444,PERSON01788,False,False
ACC02445,PERSON01789,False,False
ACC02446,PERSON01790,False,False
ACC02447,PERSON01791,False,False
ACC02448,PERSON01792,False,False
ACC02449,PERSON01793,False,False
ACC02450,PERSON01793,False,False
ACC02451,PERSON01794,False,False
ACC02452,PERSON01795,False,False
ACC02453,PERSON01795,False,False
ACC02454,PERSON01796,False,False
ACC02455,PERSON01797,False,False
ACC02456,PERSON01797,False,False
ACC02457,PERSON01798,False,False
ACC02458,PERSON01799,False,False
ACC02459,PERSON01799,False,False
ACC02460,PERSON01800,False,False
ACC02461,PERSON01801,False,False
ACC02462,PERSON01802,False,False
ACC02463,PERSON01803,False,False
ACC02464,PERSON01803,False,False
ACC02465,PERSON01804,False,False
ACC02466,PERSON01805,False,False
ACC02467,PERSON01805,False,False
ACC02468,PERSON01806,False,False
ACC02469,PERSON01806,False,False
ACC02470,PERSON01807,False,False
ACC02471,PERSON01808,False,False
ACC02472,PERSON01808,False,False
ACC02473,PERSON01809,False,False
ACC02474,PERSON01810,False,False
ACC02475,PERSON01811,False,False
ACC02476,PERSON01811,False,False
ACC02477,PERSON01812,False,False
ACC02478,PERSON01813,False,False
ACC02479,PERSON01814,False,False
ACC02480,PERSON01815,False,False
ACC02481,PERSON01816,False,False
ACC02482,PERSON01816,False,False
ACC02483,PERSON01816,False,False
ACC02484,PERSON01817,False,False
ACC02485,PERSON01818,False,False
ACC02486,PERSON01819,False,False
ACC02487,PERSON01820,False,False
ACC02488,PERSON01820,False,False
ACC02489,PERSON01821,False,False
ACC02490,PERSON01821,False,False
ACC02491,PERSON01822,False,False
ACC02492,PERSON01823,False,False
ACC02493,PERSON01824,False,False
ACC02494,PERSON01825,False,False
ACC02495,PERSON01826,False,False
ACC02496,PERSON01826,False,False
ACC02497,PERSON01827,False,False
ACC02498,PERSON01827,False,False
ACC02499,PERSON01828,False,False
ACC02500,PERSON01828,False,False
